treeDepth, leafs, distanceLeafs, totalHashes, pathLength, hashesPerLeaf
16, 2, 10, 19, 18, 9.5
16, 4, 10, 26, 23, 6.5
16, 6, 10, 35, 30, 5.83
16, 8, 10, 44, 37, 5.5
16, 10, 10, 51, 42, 5.1
16, 12, 10, 59, 48, 4.92
16, 14, 10, 70, 57, 5
16, 16, 10, 77, 62, 4.81
16, 18, 10, 85, 68, 4.72
16, 20, 10, 92, 73, 4.6
16, 22, 10, 102, 81, 4.64
16, 24, 10, 110, 87, 4.58
16, 26, 10, 117, 92, 4.5
16, 28, 10, 128, 101, 4.57
16, 30, 10, 137, 108, 4.57
16, 32, 10, 144, 113, 4.5
16, 34, 10, 153, 120, 4.5
16, 36, 10, 160, 125, 4.44
16, 38, 10, 169, 132, 4.45
16, 40, 10, 179, 140, 4.47
16, 42, 10, 186, 145, 4.43
16, 44, 10, 194, 151, 4.41
16, 46, 10, 204, 159, 4.43
16, 48, 10, 211, 164, 4.4
16, 50, 10, 219, 170, 4.38
16, 2, 20, 20, 19, 10
16, 4, 20, 29, 26, 7.25
16, 6, 20, 40, 35, 6.67
16, 8, 20, 51, 44, 6.38
16, 10, 20, 60, 51, 6
16, 12, 20, 70, 59, 5.83
16, 14, 20, 83, 70, 5.93
16, 16, 20, 92, 77, 5.75
16, 18, 20, 102, 85, 5.67
16, 20, 20, 111, 92, 5.55
16, 22, 20, 123, 102, 5.59
16, 24, 20, 133, 110, 5.54
16, 26, 20, 142, 117, 5.46
16, 28, 20, 155, 128, 5.54
16, 30, 20, 166, 137, 5.53
16, 32, 20, 175, 144, 5.47
16, 34, 20, 186, 153, 5.47
16, 36, 20, 195, 160, 5.42
16, 38, 20, 206, 169, 5.42
16, 40, 20, 218, 179, 5.45
16, 42, 20, 227, 186, 5.4
16, 44, 20, 237, 194, 5.39
16, 46, 20, 249, 204, 5.41
16, 48, 20, 258, 211, 5.38
16, 50, 20, 268, 219, 5.36
16, 2, 30, 20, 19, 10
16, 4, 30, 31, 28, 7.75
16, 6, 30, 43, 38, 7.17
16, 8, 30, 54, 47, 6.75
16, 10, 30, 67, 58, 6.7
16, 12, 30, 78, 67, 6.5
16, 14, 30, 90, 77, 6.43
16, 16, 30, 101, 86, 6.31
16, 18, 30, 110, 93, 6.11
16, 20, 30, 124, 105, 6.2
16, 22, 30, 135, 114, 6.14
16, 24, 30, 147, 124, 6.13
16, 26, 30, 158, 133, 6.08
16, 28, 30, 171, 144, 6.11
16, 30, 30, 182, 153, 6.07
16, 32, 30, 194, 163, 6.06
16, 34, 30, 204, 171, 6
16, 36, 30, 219, 184, 6.08
16, 38, 30, 230, 193, 6.05
16, 40, 30, 242, 203, 6.05
16, 42, 30, 253, 212, 6.02
16, 44, 30, 266, 223, 6.05
16, 46, 30, 277, 232, 6.02
16, 48, 30, 289, 242, 6.02
16, 50, 30, 298, 249, 5.96
16, 2, 40, 21, 20, 10.5
16, 4, 40, 32, 29, 8
16, 6, 40, 45, 40, 7.5
16, 8, 40, 58, 51, 7.25
16, 10, 40, 69, 60, 6.9
16, 12, 40, 81, 70, 6.75
16, 14, 40, 96, 83, 6.86
16, 16, 40, 107, 92, 6.69
16, 18, 40, 119, 102, 6.61
16, 20, 40, 130, 111, 6.5
16, 22, 40, 144, 123, 6.55
16, 24, 40, 156, 133, 6.5
16, 26, 40, 167, 142, 6.42
16, 28, 40, 182, 155, 6.5
16, 30, 40, 195, 166, 6.5
16, 32, 40, 206, 175, 6.44
16, 34, 40, 219, 186, 6.44
16, 36, 40, 230, 195, 6.39
16, 38, 40, 243, 206, 6.39
16, 40, 40, 257, 218, 6.43
16, 42, 40, 268, 227, 6.38
16, 44, 40, 280, 237, 6.36
16, 46, 40, 294, 249, 6.39
16, 48, 40, 305, 258, 6.35
16, 50, 40, 317, 268, 6.34
16, 2, 50, 21, 20, 10.5
16, 4, 50, 34, 31, 8.5
16, 6, 50, 45, 40, 7.5
16, 8, 50, 59, 52, 7.38
16, 10, 50, 72, 63, 7.2
16, 12, 50, 86, 75, 7.17
16, 14, 50, 99, 86, 7.07
16, 16, 50, 110, 95, 6.88
16, 18, 50, 124, 107, 6.89
16, 20, 50, 136, 117, 6.8
16, 22, 50, 152, 131, 6.91
16, 24, 50, 163, 140, 6.79
16, 26, 50, 176, 151, 6.77
16, 28, 50, 190, 163, 6.79
16, 30, 50, 202, 173, 6.73
16, 32, 50, 217, 186, 6.78
16, 34, 50, 228, 195, 6.71
16, 36, 50, 241, 206, 6.69
16, 38, 50, 254, 217, 6.68
16, 40, 50, 267, 228, 6.68
16, 42, 50, 284, 243, 6.76
16, 44, 50, 295, 252, 6.7
16, 46, 50, 308, 263, 6.7
16, 48, 50, 321, 274, 6.69
16, 50, 50, 334, 285, 6.68
16, 2, 60, 21, 20, 10.5
16, 4, 60, 34, 31, 8.5
16, 6, 60, 48, 43, 8
16, 8, 60, 61, 54, 7.63
16, 10, 60, 76, 67, 7.6
16, 12, 60, 89, 78, 7.42
16, 14, 60, 103, 90, 7.36
16, 16, 60, 116, 101, 7.25
16, 18, 60, 127, 110, 7.06
16, 20, 60, 143, 124, 7.15
16, 22, 60, 156, 135, 7.09
16, 24, 60, 170, 147, 7.08
16, 26, 60, 183, 158, 7.04
16, 28, 60, 198, 171, 7.07
16, 30, 60, 211, 182, 7.03
16, 32, 60, 225, 194, 7.03
16, 34, 60, 237, 204, 6.97
16, 36, 60, 254, 219, 7.06
16, 38, 60, 267, 230, 7.03
16, 40, 60, 281, 242, 7.03
16, 42, 60, 294, 253, 7
16, 44, 60, 309, 266, 7.02
16, 46, 60, 322, 277, 7
16, 48, 60, 336, 289, 7
16, 50, 60, 347, 298, 6.94
16, 2, 70, 22, 21, 11
16, 4, 70, 35, 32, 8.75
16, 6, 70, 49, 44, 8.17
16, 8, 70, 62, 55, 7.75
16, 10, 70, 77, 68, 7.7
16, 12, 70, 92, 81, 7.67
16, 14, 70, 105, 92, 7.5
16, 16, 70, 121, 106, 7.56
16, 18, 70, 134, 117, 7.44
16, 20, 70, 148, 129, 7.4
16, 22, 70, 161, 140, 7.32
16, 24, 70, 176, 153, 7.33
16, 26, 70, 189, 164, 7.27
16, 28, 70, 203, 176, 7.25
16, 30, 70, 216, 187, 7.2
16, 32, 70, 233, 202, 7.28
16, 34, 70, 248, 215, 7.29
16, 36, 70, 261, 226, 7.25
16, 38, 70, 276, 239, 7.26
16, 40, 70, 289, 250, 7.23
16, 42, 70, 303, 262, 7.21
16, 44, 70, 316, 273, 7.18
16, 46, 70, 332, 287, 7.22
16, 48, 70, 345, 298, 7.19
16, 50, 70, 359, 310, 7.18
16, 2, 80, 22, 21, 11
16, 4, 80, 35, 32, 8.75
16, 6, 80, 50, 45, 8.33
16, 8, 80, 65, 58, 8.13
16, 10, 80, 78, 69, 7.8
16, 12, 80, 92, 81, 7.67
16, 14, 80, 109, 96, 7.79
16, 16, 80, 122, 107, 7.63
16, 18, 80, 136, 119, 7.56
16, 20, 80, 149, 130, 7.45
16, 22, 80, 165, 144, 7.5
16, 24, 80, 179, 156, 7.46
16, 26, 80, 192, 167, 7.38
16, 28, 80, 209, 182, 7.46
16, 30, 80, 224, 195, 7.47
16, 32, 80, 237, 206, 7.41
16, 34, 80, 252, 219, 7.41
16, 36, 80, 265, 230, 7.36
16, 38, 80, 280, 243, 7.37
16, 40, 80, 296, 257, 7.4
16, 42, 80, 309, 268, 7.36
16, 44, 80, 323, 280, 7.34
16, 46, 80, 339, 294, 7.37
16, 48, 80, 352, 305, 7.33
16, 50, 80, 366, 317, 7.32
16, 2, 90, 22, 21, 11
16, 4, 90, 37, 34, 9.25
16, 6, 90, 50, 45, 8.33
16, 8, 90, 65, 58, 8.13
16, 10, 90, 80, 71, 8
16, 12, 90, 93, 82, 7.75
16, 14, 90, 110, 97, 7.86
16, 16, 90, 124, 109, 7.75
16, 18, 90, 137, 120, 7.61
16, 20, 90, 153, 134, 7.65
16, 22, 90, 167, 146, 7.59
16, 24, 90, 185, 162, 7.71
16, 26, 90, 198, 173, 7.62
16, 28, 90, 212, 185, 7.57
16, 30, 90, 228, 199, 7.6
16, 32, 90, 241, 210, 7.53
16, 34, 90, 256, 223, 7.53
16, 36, 90, 272, 237, 7.56
16, 38, 90, 287, 250, 7.55
16, 40, 90, 300, 261, 7.5
16, 42, 90, 315, 274, 7.5
16, 44, 90, 330, 287, 7.5
16, 46, 90, 343, 298, 7.46
16, 48, 90, 362, 315, 7.54
16, 50, 90, 376, 327, 7.52
16, 2, 100, 22, 21, 11
16, 4, 100, 37, 34, 9.25
16, 6, 100, 50, 45, 8.33
16, 8, 100, 66, 59, 8.25
16, 10, 100, 81, 72, 8.1
16, 12, 100, 97, 86, 8.08
16, 14, 100, 112, 99, 8
16, 16, 100, 125, 110, 7.81
16, 18, 100, 141, 124, 7.83
16, 20, 100, 155, 136, 7.75
16, 22, 100, 173, 152, 7.86
16, 24, 100, 186, 163, 7.75
16, 26, 100, 201, 176, 7.73
16, 28, 100, 217, 190, 7.75
16, 30, 100, 231, 202, 7.7
16, 32, 100, 248, 217, 7.75
16, 34, 100, 261, 228, 7.68
16, 36, 100, 276, 241, 7.67
16, 38, 100, 291, 254, 7.66
16, 40, 100, 306, 267, 7.65
16, 42, 100, 325, 284, 7.74
16, 44, 100, 338, 295, 7.68
16, 46, 100, 353, 308, 7.67
16, 48, 100, 368, 321, 7.67
16, 50, 100, 383, 334, 7.66
16, 2, 110, 22, 21, 11
16, 4, 110, 37, 34, 9.25
16, 6, 110, 53, 48, 8.83
16, 8, 110, 68, 61, 8.5
16, 10, 110, 81, 72, 8.1
16, 12, 110, 98, 87, 8.17
16, 14, 110, 113, 100, 8.07
16, 16, 110, 128, 113, 8
16, 18, 110, 143, 126, 7.94
16, 20, 110, 161, 142, 8.05
16, 22, 110, 176, 155, 8
16, 24, 110, 189, 166, 7.88
16, 26, 110, 205, 180, 7.88
16, 28, 110, 220, 193, 7.86
16, 30, 110, 236, 207, 7.87
16, 32, 110, 251, 220, 7.84
16, 34, 110, 267, 234, 7.85
16, 36, 110, 282, 247, 7.83
16, 38, 110, 295, 258, 7.76
16, 40, 110, 314, 275, 7.85
16, 42, 110, 329, 288, 7.83
16, 44, 110, 344, 301, 7.82
16, 46, 110, 359, 314, 7.8
16, 48, 110, 376, 329, 7.83
16, 50, 110, 391, 342, 7.82
16, 2, 120, 22, 21, 11
16, 4, 120, 37, 34, 9.25
16, 6, 120, 53, 48, 8.83
16, 8, 120, 68, 61, 8.5
16, 10, 120, 85, 76, 8.5
16, 12, 120, 100, 89, 8.33
16, 14, 120, 116, 103, 8.29
16, 16, 120, 131, 116, 8.19
16, 18, 120, 144, 127, 8
16, 20, 120, 162, 143, 8.1
16, 22, 120, 177, 156, 8.05
16, 24, 120, 193, 170, 8.04
16, 26, 120, 208, 183, 8
16, 28, 120, 225, 198, 8.04
16, 30, 120, 240, 211, 8
16, 32, 120, 256, 225, 8
16, 34, 120, 270, 237, 7.94
16, 36, 120, 289, 254, 8.03
16, 38, 120, 304, 267, 8
16, 40, 120, 320, 281, 8
16, 42, 120, 335, 294, 7.98
16, 44, 120, 352, 309, 8
16, 46, 120, 367, 322, 7.98
16, 48, 120, 383, 336, 7.98
16, 50, 120, 396, 347, 7.92
16, 2, 130, 23, 22, 11.5
16, 4, 130, 38, 35, 9.5
16, 6, 130, 54, 49, 9
16, 8, 130, 69, 62, 8.63
16, 10, 130, 86, 77, 8.6
16, 12, 130, 101, 90, 8.42
16, 14, 130, 117, 104, 8.36
16, 16, 130, 132, 117, 8.25
16, 18, 130, 150, 133, 8.33
16, 20, 130, 165, 146, 8.25
16, 22, 130, 181, 160, 8.23
16, 24, 130, 196, 173, 8.17
16, 26, 130, 213, 188, 8.19
16, 28, 130, 228, 201, 8.14
16, 30, 130, 244, 215, 8.13
16, 32, 130, 259, 228, 8.09
16, 34, 130, 278, 245, 8.18
16, 36, 130, 293, 258, 8.14
16, 38, 130, 309, 272, 8.13
16, 40, 130, 324, 285, 8.1
16, 42, 130, 341, 300, 8.12
16, 44, 130, 356, 313, 8.09
16, 46, 130, 372, 327, 8.09
16, 48, 130, 387, 340, 8.06
16, 50, 130, 405, 356, 8.1
16, 2, 140, 23, 22, 11.5
16, 4, 140, 38, 35, 9.5
16, 6, 140, 54, 49, 9
16, 8, 140, 69, 62, 8.63
16, 10, 140, 86, 77, 8.6
16, 12, 140, 103, 92, 8.58
16, 14, 140, 118, 105, 8.43
16, 16, 140, 136, 121, 8.5
16, 18, 140, 151, 134, 8.39
16, 20, 140, 167, 148, 8.35
16, 22, 140, 182, 161, 8.27
16, 24, 140, 199, 176, 8.29
16, 26, 140, 214, 189, 8.23
16, 28, 140, 230, 203, 8.21
16, 30, 140, 245, 216, 8.17
16, 32, 140, 264, 233, 8.25
16, 34, 140, 281, 248, 8.26
16, 36, 140, 296, 261, 8.22
16, 38, 140, 313, 276, 8.24
16, 40, 140, 328, 289, 8.2
16, 42, 140, 344, 303, 8.19
16, 44, 140, 359, 316, 8.16
16, 46, 140, 377, 332, 8.2
16, 48, 140, 392, 345, 8.17
16, 50, 140, 408, 359, 8.16
16, 2, 150, 23, 22, 11.5
16, 4, 150, 38, 35, 9.5
16, 6, 150, 54, 49, 9
16, 8, 150, 72, 65, 9
16, 10, 150, 87, 78, 8.7
16, 12, 150, 103, 92, 8.58
16, 14, 150, 118, 105, 8.43
16, 16, 150, 136, 121, 8.5
16, 18, 150, 151, 134, 8.39
16, 20, 150, 168, 149, 8.4
16, 22, 150, 185, 164, 8.41
16, 24, 150, 200, 177, 8.33
16, 26, 150, 216, 191, 8.31
16, 28, 150, 231, 204, 8.25
16, 30, 150, 250, 221, 8.33
16, 32, 150, 267, 236, 8.34
16, 34, 150, 282, 249, 8.29
16, 36, 150, 299, 264, 8.31
16, 38, 150, 314, 277, 8.26
16, 40, 150, 330, 291, 8.25
16, 42, 150, 349, 308, 8.31
16, 44, 150, 364, 321, 8.27
16, 46, 150, 380, 335, 8.26
16, 48, 150, 395, 348, 8.23
16, 50, 150, 412, 363, 8.24
16, 2, 160, 23, 22, 11.5
16, 4, 160, 38, 35, 9.5
16, 6, 160, 55, 50, 9.17
16, 8, 160, 72, 65, 9
16, 10, 160, 87, 78, 8.7
16, 12, 160, 103, 92, 8.58
16, 14, 160, 122, 109, 8.71
16, 16, 160, 137, 122, 8.56
16, 18, 160, 153, 136, 8.5
16, 20, 160, 168, 149, 8.4
16, 22, 160, 186, 165, 8.45
16, 24, 160, 202, 179, 8.42
16, 26, 160, 217, 192, 8.35
16, 28, 160, 236, 209, 8.43
16, 30, 160, 253, 224, 8.43
16, 32, 160, 268, 237, 8.38
16, 34, 160, 285, 252, 8.38
16, 36, 160, 300, 265, 8.33
16, 38, 160, 317, 280, 8.34
16, 40, 160, 335, 296, 8.38
16, 42, 160, 350, 309, 8.33
16, 44, 160, 366, 323, 8.32
16, 46, 160, 384, 339, 8.35
16, 48, 160, 399, 352, 8.31
16, 50, 160, 415, 366, 8.3
16, 2, 170, 23, 22, 11.5
16, 4, 170, 38, 35, 9.5
16, 6, 170, 55, 50, 9.17
16, 8, 170, 72, 65, 9
16, 10, 170, 87, 78, 8.7
16, 12, 170, 104, 93, 8.67
16, 14, 170, 122, 109, 8.71
16, 16, 170, 137, 122, 8.56
16, 18, 170, 154, 137, 8.56
16, 20, 170, 171, 152, 8.55
16, 22, 170, 186, 165, 8.45
16, 24, 170, 203, 180, 8.46
16, 26, 170, 222, 197, 8.54
16, 28, 170, 237, 210, 8.46
16, 30, 170, 254, 225, 8.47
16, 32, 170, 271, 240, 8.47
16, 34, 170, 286, 253, 8.41
16, 36, 170, 303, 268, 8.42
16, 38, 170, 321, 284, 8.45
16, 40, 170, 336, 297, 8.4
16, 42, 170, 353, 312, 8.4
16, 44, 170, 370, 327, 8.41
16, 46, 170, 385, 340, 8.37
16, 48, 170, 402, 355, 8.38
16, 50, 170, 422, 373, 8.44
16, 2, 180, 23, 22, 11.5
16, 4, 180, 40, 37, 10
16, 6, 180, 55, 50, 9.17
16, 8, 180, 72, 65, 9
16, 10, 180, 89, 80, 8.9
16, 12, 180, 104, 93, 8.67
16, 14, 180, 123, 110, 8.79
16, 16, 180, 139, 124, 8.69
16, 18, 180, 154, 137, 8.56
16, 20, 180, 172, 153, 8.6
16, 22, 180, 188, 167, 8.55
16, 24, 180, 208, 185, 8.67
16, 26, 180, 223, 198, 8.58
16, 28, 180, 239, 212, 8.54
16, 30, 180, 257, 228, 8.57
16, 32, 180, 272, 241, 8.5
16, 34, 180, 289, 256, 8.5
16, 36, 180, 307, 272, 8.53
16, 38, 180, 324, 287, 8.53
16, 40, 180, 339, 300, 8.48
16, 42, 180, 356, 315, 8.48
16, 44, 180, 373, 330, 8.48
16, 46, 180, 388, 343, 8.43
16, 48, 180, 409, 362, 8.52
16, 50, 180, 425, 376, 8.5
16, 2, 190, 23, 22, 11.5
16, 4, 190, 40, 37, 10
16, 6, 190, 55, 50, 9.17
16, 8, 190, 73, 66, 9.13
16, 10, 190, 89, 80, 8.9
16, 12, 190, 108, 97, 9
16, 14, 190, 123, 110, 8.79
16, 16, 190, 140, 125, 8.75
16, 18, 190, 157, 140, 8.72
16, 20, 190, 174, 155, 8.7
16, 22, 190, 189, 168, 8.59
16, 24, 190, 209, 186, 8.71
16, 26, 190, 225, 200, 8.65
16, 28, 190, 243, 216, 8.68
16, 30, 190, 258, 229, 8.6
16, 32, 190, 275, 244, 8.59
16, 34, 190, 293, 260, 8.62
16, 36, 190, 308, 273, 8.56
16, 38, 190, 325, 288, 8.55
16, 40, 190, 342, 303, 8.55
16, 42, 190, 359, 318, 8.55
16, 44, 190, 374, 331, 8.5
16, 46, 190, 395, 350, 8.59
16, 48, 190, 411, 364, 8.56
16, 50, 190, 429, 380, 8.58
16, 2, 200, 23, 22, 11.5
16, 4, 200, 40, 37, 10
16, 6, 200, 55, 50, 9.17
16, 8, 200, 73, 66, 9.13
16, 10, 200, 90, 81, 9
16, 12, 200, 108, 97, 9
16, 14, 200, 125, 112, 8.93
16, 16, 200, 140, 125, 8.75
16, 18, 200, 158, 141, 8.78
16, 20, 200, 174, 155, 8.7
16, 22, 200, 194, 173, 8.82
16, 24, 200, 209, 186, 8.71
16, 26, 200, 226, 201, 8.69
16, 28, 200, 244, 217, 8.71
16, 30, 200, 260, 231, 8.67
16, 32, 200, 279, 248, 8.72
16, 34, 200, 294, 261, 8.65
16, 36, 200, 311, 276, 8.64
16, 38, 200, 328, 291, 8.63
16, 40, 200, 345, 306, 8.63
16, 42, 200, 366, 325, 8.71
16, 44, 200, 381, 338, 8.66
16, 46, 200, 398, 353, 8.65
16, 48, 200, 415, 368, 8.65
16, 50, 200, 432, 383, 8.64
16, 2, 210, 23, 22, 11.5
16, 4, 210, 40, 37, 10
16, 6, 210, 58, 53, 9.67
16, 8, 210, 73, 66, 9.13
16, 10, 210, 90, 81, 9
16, 12, 210, 109, 98, 9.08
16, 14, 210, 125, 112, 8.93
16, 16, 210, 143, 128, 8.94
16, 18, 210, 158, 141, 8.78
16, 20, 210, 175, 156, 8.75
16, 22, 210, 195, 174, 8.86
16, 24, 210, 211, 188, 8.79
16, 26, 210, 229, 204, 8.81
16, 28, 210, 246, 219, 8.79
16, 30, 210, 261, 232, 8.7
16, 32, 210, 280, 249, 8.75
16, 34, 210, 297, 264, 8.74
16, 36, 210, 314, 279, 8.72
16, 38, 210, 331, 294, 8.71
16, 40, 210, 346, 307, 8.65
16, 42, 210, 367, 326, 8.74
16, 44, 210, 384, 341, 8.73
16, 46, 210, 401, 356, 8.72
16, 48, 210, 418, 371, 8.71
16, 50, 210, 437, 388, 8.74
16, 2, 220, 23, 22, 11.5
16, 4, 220, 40, 37, 10
16, 6, 220, 58, 53, 9.67
16, 8, 220, 75, 68, 9.38
16, 10, 220, 90, 81, 9
16, 12, 220, 109, 98, 9.08
16, 14, 220, 126, 113, 9
16, 16, 220, 143, 128, 8.94
16, 18, 220, 160, 143, 8.89
16, 20, 220, 180, 161, 9
16, 22, 220, 197, 176, 8.95
16, 24, 220, 212, 189, 8.83
16, 26, 220, 230, 205, 8.85
16, 28, 220, 247, 220, 8.82
16, 30, 220, 265, 236, 8.83
16, 32, 220, 282, 251, 8.81
16, 34, 220, 300, 267, 8.82
16, 36, 220, 317, 282, 8.81
16, 38, 220, 332, 295, 8.74
16, 40, 220, 353, 314, 8.82
16, 42, 220, 370, 329, 8.81
16, 44, 220, 387, 344, 8.8
16, 46, 220, 404, 359, 8.78
16, 48, 220, 423, 376, 8.81
16, 50, 220, 440, 391, 8.8
16, 2, 230, 23, 22, 11.5
16, 4, 230, 40, 37, 10
16, 6, 230, 58, 53, 9.67
16, 8, 230, 75, 68, 9.38
16, 10, 230, 94, 85, 9.4
16, 12, 230, 109, 98, 9.08
16, 14, 230, 126, 113, 9
16, 16, 230, 144, 129, 9
16, 18, 230, 161, 144, 8.94
16, 20, 230, 181, 162, 9.05
16, 22, 230, 197, 176, 8.95
16, 24, 230, 215, 192, 8.96
16, 26, 230, 232, 207, 8.92
16, 28, 230, 251, 224, 8.96
16, 30, 230, 268, 239, 8.93
16, 32, 230, 283, 252, 8.84
16, 34, 230, 301, 268, 8.85
16, 36, 230, 318, 283, 8.83
16, 38, 230, 339, 302, 8.92
16, 40, 230, 356, 317, 8.9
16, 42, 230, 373, 332, 8.88
16, 44, 230, 390, 347, 8.86
16, 46, 230, 409, 364, 8.89
16, 48, 230, 426, 379, 8.88
16, 50, 230, 444, 395, 8.88
16, 2, 240, 23, 22, 11.5
16, 4, 240, 40, 37, 10
16, 6, 240, 58, 53, 9.67
16, 8, 240, 75, 68, 9.38
16, 10, 240, 94, 85, 9.4
16, 12, 240, 111, 100, 9.25
16, 14, 240, 129, 116, 9.21
16, 16, 240, 146, 131, 9.13
16, 18, 240, 161, 144, 8.94
16, 20, 240, 181, 162, 9.05
16, 22, 240, 198, 177, 9
16, 24, 240, 216, 193, 9
16, 26, 240, 233, 208, 8.96
16, 28, 240, 252, 225, 9
16, 30, 240, 269, 240, 8.97
16, 32, 240, 287, 256, 8.97
16, 34, 240, 303, 270, 8.91
16, 36, 240, 324, 289, 9
16, 38, 240, 341, 304, 8.97
16, 40, 240, 359, 320, 8.98
16, 42, 240, 376, 335, 8.95
16, 44, 240, 395, 352, 8.98
16, 46, 240, 412, 367, 8.96
16, 48, 240, 430, 383, 8.96
16, 50, 240, 445, 396, 8.9
16, 2, 250, 23, 22, 11.5
16, 4, 250, 40, 37, 10
16, 6, 250, 58, 53, 9.67
16, 8, 250, 75, 68, 9.38
16, 10, 250, 94, 85, 9.4
16, 12, 250, 111, 100, 9.25
16, 14, 250, 129, 116, 9.21
16, 16, 250, 146, 131, 9.13
16, 18, 250, 166, 149, 9.22
16, 20, 250, 183, 164, 9.15
16, 22, 250, 201, 180, 9.14
16, 24, 250, 218, 195, 9.08
16, 26, 250, 237, 212, 9.12
16, 28, 250, 254, 227, 9.07
16, 30, 250, 272, 243, 9.07
16, 32, 250, 289, 258, 9.03
16, 34, 250, 310, 277, 9.12
16, 36, 250, 327, 292, 9.08
16, 38, 250, 345, 308, 9.08
16, 40, 250, 362, 323, 9.05
16, 42, 250, 381, 340, 9.07
16, 44, 250, 396, 353, 9
16, 46, 250, 413, 368, 8.98
16, 48, 250, 431, 384, 8.98
16, 50, 250, 448, 399, 8.96
16, 2, 260, 24, 23, 12
16, 4, 260, 41, 38, 10.25
16, 6, 260, 59, 54, 9.83
16, 8, 260, 76, 69, 9.5
16, 10, 260, 95, 86, 9.5
16, 12, 260, 112, 101, 9.33
16, 14, 260, 130, 117, 9.29
16, 16, 260, 147, 132, 9.19
16, 18, 260, 167, 150, 9.28
16, 20, 260, 184, 165, 9.2
16, 22, 260, 202, 181, 9.18
16, 24, 260, 219, 196, 9.13
16, 26, 260, 238, 213, 9.15
16, 28, 260, 255, 228, 9.11
16, 30, 260, 273, 244, 9.1
16, 32, 260, 290, 259, 9.06
16, 34, 260, 311, 278, 9.15
16, 36, 260, 328, 293, 9.11
16, 38, 260, 346, 309, 9.11
16, 40, 260, 363, 324, 9.07
16, 42, 260, 382, 341, 9.1
16, 44, 260, 399, 356, 9.07
16, 46, 260, 417, 372, 9.07
16, 48, 260, 434, 387, 9.04
16, 50, 260, 454, 405, 9.08
16, 2, 270, 24, 23, 12
16, 4, 270, 41, 38, 10.25
16, 6, 270, 59, 54, 9.83
16, 8, 270, 76, 69, 9.5
16, 10, 270, 95, 86, 9.5
16, 12, 270, 112, 101, 9.33
16, 14, 270, 130, 117, 9.29
16, 16, 270, 147, 132, 9.19
16, 18, 270, 167, 150, 9.28
16, 20, 270, 186, 167, 9.3
16, 22, 270, 203, 182, 9.23
16, 24, 270, 222, 199, 9.25
16, 26, 270, 239, 214, 9.19
16, 28, 270, 257, 230, 9.18
16, 30, 270, 274, 245, 9.13
16, 32, 270, 295, 264, 9.22
16, 34, 270, 312, 279, 9.18
16, 36, 270, 330, 295, 9.17
16, 38, 270, 347, 310, 9.13
16, 40, 270, 366, 327, 9.15
16, 42, 270, 383, 342, 9.12
16, 44, 270, 401, 358, 9.11
16, 46, 270, 418, 373, 9.09
16, 48, 270, 438, 391, 9.13
16, 50, 270, 455, 406, 9.1
16, 2, 280, 24, 23, 12
16, 4, 280, 41, 38, 10.25
16, 6, 280, 59, 54, 9.83
16, 8, 280, 76, 69, 9.5
16, 10, 280, 95, 86, 9.5
16, 12, 280, 114, 103, 9.5
16, 14, 280, 131, 118, 9.36
16, 16, 280, 151, 136, 9.44
16, 18, 280, 168, 151, 9.33
16, 20, 280, 186, 167, 9.3
16, 22, 280, 203, 182, 9.23
16, 24, 280, 222, 199, 9.25
16, 26, 280, 239, 214, 9.19
16, 28, 280, 257, 230, 9.18
16, 30, 280, 274, 245, 9.13
16, 32, 280, 295, 264, 9.22
16, 34, 280, 314, 281, 9.24
16, 36, 280, 331, 296, 9.19
16, 38, 280, 350, 313, 9.21
16, 40, 280, 367, 328, 9.18
16, 42, 280, 385, 344, 9.17
16, 44, 280, 402, 359, 9.14
16, 46, 280, 422, 377, 9.17
16, 48, 280, 439, 392, 9.15
16, 50, 280, 457, 408, 9.14
16, 2, 290, 24, 23, 12
16, 4, 290, 41, 38, 10.25
16, 6, 290, 59, 54, 9.83
16, 8, 290, 76, 69, 9.5
16, 10, 290, 96, 87, 9.6
16, 12, 290, 114, 103, 9.5
16, 14, 290, 131, 118, 9.36
16, 16, 290, 151, 136, 9.44
16, 18, 290, 168, 151, 9.33
16, 20, 290, 186, 167, 9.3
16, 22, 290, 203, 182, 9.23
16, 24, 290, 223, 200, 9.29
16, 26, 290, 241, 216, 9.27
16, 28, 290, 258, 231, 9.21
16, 30, 290, 279, 250, 9.3
16, 32, 290, 296, 265, 9.25
16, 34, 290, 314, 281, 9.24
16, 36, 290, 331, 296, 9.19
16, 38, 290, 350, 313, 9.21
16, 40, 290, 369, 330, 9.23
16, 42, 290, 386, 345, 9.19
16, 44, 290, 406, 363, 9.23
16, 46, 290, 423, 378, 9.2
16, 48, 290, 441, 394, 9.19
16, 50, 290, 458, 409, 9.16
16, 2, 300, 24, 23, 12
16, 4, 300, 41, 38, 10.25
16, 6, 300, 59, 54, 9.83
16, 8, 300, 79, 72, 9.88
16, 10, 300, 96, 87, 9.6
16, 12, 300, 114, 103, 9.5
16, 14, 300, 131, 118, 9.36
16, 16, 300, 151, 136, 9.44
16, 18, 300, 168, 151, 9.33
16, 20, 300, 187, 168, 9.35
16, 22, 300, 206, 185, 9.36
16, 24, 300, 223, 200, 9.29
16, 26, 300, 241, 216, 9.27
16, 28, 300, 258, 231, 9.21
16, 30, 300, 279, 250, 9.3
16, 32, 300, 298, 267, 9.31
16, 34, 300, 315, 282, 9.26
16, 36, 300, 334, 299, 9.28
16, 38, 300, 351, 314, 9.24
16, 40, 300, 369, 330, 9.23
16, 42, 300, 390, 349, 9.29
16, 44, 300, 407, 364, 9.25
16, 46, 300, 425, 380, 9.24
16, 48, 300, 442, 395, 9.21
16, 50, 300, 461, 412, 9.22
16, 2, 310, 24, 23, 12
16, 4, 310, 41, 38, 10.25
16, 6, 310, 60, 55, 10
16, 8, 310, 79, 72, 9.88
16, 10, 310, 96, 87, 9.6
16, 12, 310, 114, 103, 9.5
16, 14, 310, 131, 118, 9.36
16, 16, 310, 152, 137, 9.5
16, 18, 310, 170, 153, 9.44
16, 20, 310, 187, 168, 9.35
16, 22, 310, 206, 185, 9.36
16, 24, 310, 223, 200, 9.29
16, 26, 310, 242, 217, 9.31
16, 28, 310, 263, 236, 9.39
16, 30, 310, 280, 251, 9.33
16, 32, 310, 298, 267, 9.31
16, 34, 310, 315, 282, 9.26
16, 36, 310, 335, 300, 9.31
16, 38, 310, 353, 316, 9.29
16, 40, 310, 370, 331, 9.25
16, 42, 310, 390, 349, 9.29
16, 44, 310, 409, 366, 9.3
16, 46, 310, 426, 381, 9.26
16, 48, 310, 445, 398, 9.27
16, 50, 310, 462, 413, 9.24
16, 2, 320, 24, 23, 12
16, 4, 320, 41, 38, 10.25
16, 6, 320, 60, 55, 10
16, 8, 320, 79, 72, 9.88
16, 10, 320, 96, 87, 9.6
16, 12, 320, 114, 103, 9.5
16, 14, 320, 135, 122, 9.64
16, 16, 320, 152, 137, 9.5
16, 18, 320, 170, 153, 9.44
16, 20, 320, 187, 168, 9.35
16, 22, 320, 207, 186, 9.41
16, 24, 320, 225, 202, 9.38
16, 26, 320, 242, 217, 9.31
16, 28, 320, 263, 236, 9.39
16, 30, 320, 282, 253, 9.4
16, 32, 320, 299, 268, 9.34
16, 34, 320, 318, 285, 9.35
16, 36, 320, 335, 300, 9.31
16, 38, 320, 354, 317, 9.32
16, 40, 320, 374, 335, 9.35
16, 42, 320, 391, 350, 9.31
16, 44, 320, 409, 366, 9.3
16, 46, 320, 429, 384, 9.33
16, 48, 320, 446, 399, 9.29
16, 50, 320, 464, 415, 9.28
16, 2, 330, 24, 23, 12
16, 4, 330, 41, 38, 10.25
16, 6, 330, 60, 55, 10
16, 8, 330, 79, 72, 9.88
16, 10, 330, 96, 87, 9.6
16, 12, 330, 115, 104, 9.58
16, 14, 330, 135, 122, 9.64
16, 16, 330, 152, 137, 9.5
16, 18, 330, 170, 153, 9.44
16, 20, 330, 190, 171, 9.5
16, 22, 330, 207, 186, 9.41
16, 24, 330, 225, 202, 9.38
16, 26, 330, 247, 222, 9.5
16, 28, 330, 264, 237, 9.43
16, 30, 330, 282, 253, 9.4
16, 32, 330, 299, 268, 9.34
16, 34, 330, 319, 286, 9.38
16, 36, 330, 337, 302, 9.36
16, 38, 330, 354, 317, 9.32
16, 40, 330, 375, 336, 9.38
16, 42, 330, 393, 352, 9.36
16, 44, 330, 410, 367, 9.32
16, 46, 330, 430, 385, 9.35
16, 48, 330, 448, 401, 9.33
16, 50, 330, 465, 416, 9.3
16, 2, 340, 24, 23, 12
16, 4, 340, 41, 38, 10.25
16, 6, 340, 60, 55, 10
16, 8, 340, 79, 72, 9.88
16, 10, 340, 96, 87, 9.6
16, 12, 340, 115, 104, 9.58
16, 14, 340, 135, 122, 9.64
16, 16, 340, 152, 137, 9.5
16, 18, 340, 171, 154, 9.5
16, 20, 340, 190, 171, 9.5
16, 22, 340, 207, 186, 9.41
16, 24, 340, 226, 203, 9.42
16, 26, 340, 247, 222, 9.5
16, 28, 340, 264, 237, 9.43
16, 30, 340, 283, 254, 9.43
16, 32, 340, 302, 271, 9.44
16, 34, 340, 319, 286, 9.38
16, 36, 340, 338, 303, 9.39
16, 38, 340, 358, 321, 9.42
16, 40, 340, 375, 336, 9.38
16, 42, 340, 394, 353, 9.38
16, 44, 340, 413, 370, 9.39
16, 46, 340, 430, 385, 9.35
16, 48, 340, 449, 402, 9.35
16, 50, 340, 471, 422, 9.42
16, 2, 350, 24, 23, 12
16, 4, 350, 43, 40, 10.75
16, 6, 350, 60, 55, 10
16, 8, 350, 79, 72, 9.88
16, 10, 350, 98, 89, 9.8
16, 12, 350, 115, 104, 9.58
16, 14, 350, 135, 122, 9.64
16, 16, 350, 154, 139, 9.63
16, 18, 350, 171, 154, 9.5
16, 20, 350, 190, 171, 9.5
16, 22, 350, 209, 188, 9.5
16, 24, 350, 226, 203, 9.42
16, 26, 350, 248, 223, 9.54
16, 28, 350, 266, 239, 9.5
16, 30, 350, 283, 254, 9.43
16, 32, 350, 303, 272, 9.47
16, 34, 350, 321, 288, 9.44
16, 36, 350, 338, 303, 9.39
16, 38, 350, 359, 322, 9.45
16, 40, 350, 377, 338, 9.43
16, 42, 350, 397, 356, 9.45
16, 44, 350, 414, 371, 9.41
16, 46, 350, 432, 387, 9.39
16, 48, 350, 455, 408, 9.48
16, 50, 350, 472, 423, 9.44
16, 2, 360, 24, 23, 12
16, 4, 360, 43, 40, 10.75
16, 6, 360, 60, 55, 10
16, 8, 360, 79, 72, 9.88
16, 10, 360, 98, 89, 9.8
16, 12, 360, 115, 104, 9.58
16, 14, 360, 136, 123, 9.71
16, 16, 360, 154, 139, 9.63
16, 18, 360, 171, 154, 9.5
16, 20, 360, 191, 172, 9.55
16, 22, 360, 209, 188, 9.5
16, 24, 360, 231, 208, 9.63
16, 26, 360, 248, 223, 9.54
16, 28, 360, 266, 239, 9.5
16, 30, 360, 286, 257, 9.53
16, 32, 360, 303, 272, 9.47
16, 34, 360, 322, 289, 9.47
16, 36, 360, 342, 307, 9.5
16, 38, 360, 361, 324, 9.5
16, 40, 360, 378, 339, 9.45
16, 42, 360, 397, 356, 9.45
16, 44, 360, 416, 373, 9.45
16, 46, 360, 433, 388, 9.41
16, 48, 360, 456, 409, 9.5
16, 50, 360, 474, 425, 9.48
16, 2, 370, 24, 23, 12
16, 4, 370, 43, 40, 10.75
16, 6, 370, 60, 55, 10
16, 8, 370, 80, 73, 10
16, 10, 370, 98, 89, 9.8
16, 12, 370, 115, 104, 9.58
16, 14, 370, 136, 123, 9.71
16, 16, 370, 154, 139, 9.63
16, 18, 370, 174, 157, 9.67
16, 20, 370, 191, 172, 9.55
16, 22, 370, 210, 189, 9.55
16, 24, 370, 231, 208, 9.63
16, 26, 370, 250, 225, 9.62
16, 28, 370, 267, 240, 9.54
16, 30, 370, 286, 257, 9.53
16, 32, 370, 305, 274, 9.53
16, 34, 370, 322, 289, 9.47
16, 36, 370, 343, 308, 9.53
16, 38, 370, 361, 324, 9.5
16, 40, 370, 381, 342, 9.53
16, 42, 370, 398, 357, 9.48
16, 44, 370, 417, 374, 9.48
16, 46, 370, 439, 394, 9.54
16, 48, 370, 456, 409, 9.5
16, 50, 370, 475, 426, 9.5
16, 2, 380, 24, 23, 12
16, 4, 380, 43, 40, 10.75
16, 6, 380, 60, 55, 10
16, 8, 380, 80, 73, 10
16, 10, 380, 98, 89, 9.8
16, 12, 380, 119, 108, 9.92
16, 14, 380, 136, 123, 9.71
16, 16, 380, 155, 140, 9.69
16, 18, 380, 174, 157, 9.67
16, 20, 380, 193, 174, 9.65
16, 22, 380, 210, 189, 9.55
16, 24, 380, 232, 209, 9.67
16, 26, 380, 250, 225, 9.62
16, 28, 380, 270, 243, 9.64
16, 30, 380, 287, 258, 9.57
16, 32, 380, 306, 275, 9.56
16, 34, 380, 326, 293, 9.59
16, 36, 380, 343, 308, 9.53
16, 38, 380, 362, 325, 9.53
16, 40, 380, 381, 342, 9.53
16, 42, 380, 400, 359, 9.52
16, 44, 380, 417, 374, 9.48
16, 46, 380, 440, 395, 9.57
16, 48, 380, 458, 411, 9.54
16, 50, 380, 478, 429, 9.56
16, 2, 390, 24, 23, 12
16, 4, 390, 43, 40, 10.75
16, 6, 390, 60, 55, 10
16, 8, 390, 80, 73, 10
16, 10, 390, 98, 89, 9.8
16, 12, 390, 119, 108, 9.92
16, 14, 390, 136, 123, 9.71
16, 16, 390, 155, 140, 9.69
16, 18, 390, 174, 157, 9.67
16, 20, 390, 193, 174, 9.65
16, 22, 390, 210, 189, 9.55
16, 24, 390, 232, 209, 9.67
16, 26, 390, 251, 226, 9.65
16, 28, 390, 270, 243, 9.64
16, 30, 390, 289, 260, 9.63
16, 32, 390, 306, 275, 9.56
16, 34, 390, 327, 294, 9.62
16, 36, 390, 345, 310, 9.58
16, 38, 390, 365, 328, 9.61
16, 40, 390, 382, 343, 9.55
16, 42, 390, 401, 360, 9.55
16, 44, 390, 423, 380, 9.61
16, 46, 390, 442, 397, 9.61
16, 48, 390, 459, 412, 9.56
16, 50, 390, 479, 430, 9.58
16, 2, 400, 24, 23, 12
16, 4, 400, 43, 40, 10.75
16, 6, 400, 60, 55, 10
16, 8, 400, 80, 73, 10
16, 10, 400, 99, 90, 9.9
16, 12, 400, 119, 108, 9.92
16, 14, 400, 138, 125, 9.86
16, 16, 400, 155, 140, 9.69
16, 18, 400, 175, 158, 9.72
16, 20, 400, 193, 174, 9.65
16, 22, 400, 215, 194, 9.77
16, 24, 400, 232, 209, 9.67
16, 26, 400, 251, 226, 9.65
16, 28, 400, 271, 244, 9.68
16, 30, 400, 289, 260, 9.63
16, 32, 400, 310, 279, 9.69
16, 34, 400, 327, 294, 9.62
16, 36, 400, 346, 311, 9.61
16, 38, 400, 365, 328, 9.61
16, 40, 400, 384, 345, 9.6
16, 42, 400, 407, 366, 9.69
16, 44, 400, 424, 381, 9.64
16, 46, 400, 443, 398, 9.63
16, 48, 400, 462, 415, 9.63
16, 50, 400, 481, 432, 9.62
16, 2, 410, 24, 23, 12
16, 4, 410, 43, 40, 10.75
16, 6, 410, 63, 58, 10.5
16, 8, 410, 80, 73, 10
16, 10, 410, 99, 90, 9.9
16, 12, 410, 119, 108, 9.92
16, 14, 410, 138, 125, 9.86
16, 16, 410, 158, 143, 9.88
16, 18, 410, 175, 158, 9.72
16, 20, 410, 194, 175, 9.7
16, 22, 410, 215, 194, 9.77
16, 24, 410, 234, 211, 9.75
16, 26, 410, 254, 229, 9.77
16, 28, 410, 271, 244, 9.68
16, 30, 410, 290, 261, 9.67
16, 32, 410, 310, 279, 9.69
16, 34, 410, 329, 296, 9.68
16, 36, 410, 349, 314, 9.69
16, 38, 410, 366, 329, 9.63
16, 40, 410, 385, 346, 9.63
16, 42, 410, 407, 366, 9.69
16, 44, 410, 426, 383, 9.68
16, 46, 410, 446, 401, 9.7
16, 48, 410, 463, 416, 9.65
16, 50, 410, 482, 433, 9.64
16, 2, 420, 24, 23, 12
16, 4, 420, 43, 40, 10.75
16, 6, 420, 63, 58, 10.5
16, 8, 420, 80, 73, 10
16, 10, 420, 99, 90, 9.9
16, 12, 420, 120, 109, 10
16, 14, 420, 138, 125, 9.86
16, 16, 420, 158, 143, 9.88
16, 18, 420, 175, 158, 9.72
16, 20, 420, 194, 175, 9.7
16, 22, 420, 216, 195, 9.82
16, 24, 420, 234, 211, 9.75
16, 26, 420, 254, 229, 9.77
16, 28, 420, 273, 246, 9.75
16, 30, 420, 290, 261, 9.67
16, 32, 420, 311, 280, 9.72
16, 34, 420, 330, 297, 9.71
16, 36, 420, 349, 314, 9.69
16, 38, 420, 368, 331, 9.68
16, 40, 420, 385, 346, 9.63
16, 42, 420, 408, 367, 9.71
16, 44, 420, 427, 384, 9.7
16, 46, 420, 446, 401, 9.7
16, 48, 420, 465, 418, 9.69
16, 50, 420, 486, 437, 9.72
16, 2, 430, 24, 23, 12
16, 4, 430, 43, 40, 10.75
16, 6, 430, 63, 58, 10.5
16, 8, 430, 80, 73, 10
16, 10, 430, 99, 90, 9.9
16, 12, 430, 120, 109, 10
16, 14, 430, 138, 125, 9.86
16, 16, 430, 158, 143, 9.88
16, 18, 430, 177, 160, 9.83
16, 20, 430, 194, 175, 9.7
16, 22, 430, 216, 195, 9.82
16, 24, 430, 235, 212, 9.79
16, 26, 430, 254, 229, 9.77
16, 28, 430, 273, 246, 9.75
16, 30, 430, 294, 265, 9.8
16, 32, 430, 313, 282, 9.78
16, 34, 430, 330, 297, 9.71
16, 36, 430, 350, 315, 9.72
16, 38, 430, 369, 332, 9.71
16, 40, 430, 391, 352, 9.78
16, 42, 430, 410, 369, 9.76
16, 44, 430, 430, 387, 9.77
16, 46, 430, 447, 402, 9.72
16, 48, 430, 466, 419, 9.71
16, 50, 430, 487, 438, 9.74
16, 2, 440, 24, 23, 12
16, 4, 440, 43, 40, 10.75
16, 6, 440, 63, 58, 10.5
16, 8, 440, 82, 75, 10.25
16, 10, 440, 99, 90, 9.9
16, 12, 440, 120, 109, 10
16, 14, 440, 139, 126, 9.93
16, 16, 440, 158, 143, 9.88
16, 18, 440, 177, 160, 9.83
16, 20, 440, 199, 180, 9.95
16, 22, 440, 218, 197, 9.91
16, 24, 440, 235, 212, 9.79
16, 26, 440, 255, 230, 9.81
16, 28, 440, 274, 247, 9.79
16, 30, 440, 294, 265, 9.8
16, 32, 440, 313, 282, 9.78
16, 34, 440, 333, 300, 9.79
16, 36, 440, 352, 317, 9.78
16, 38, 440, 369, 332, 9.71
16, 40, 440, 392, 353, 9.8
16, 42, 440, 411, 370, 9.79
16, 44, 440, 430, 387, 9.77
16, 46, 440, 449, 404, 9.76
16, 48, 440, 470, 423, 9.79
16, 50, 440, 489, 440, 9.78
16, 2, 450, 24, 23, 12
16, 4, 450, 43, 40, 10.75
16, 6, 450, 63, 58, 10.5
16, 8, 450, 82, 75, 10.25
16, 10, 450, 99, 90, 9.9
16, 12, 450, 120, 109, 10
16, 14, 450, 139, 126, 9.93
16, 16, 450, 159, 144, 9.94
16, 18, 450, 177, 160, 9.83
16, 20, 450, 199, 180, 9.95
16, 22, 450, 218, 197, 9.91
16, 24, 450, 238, 215, 9.92
16, 26, 450, 255, 230, 9.81
16, 28, 450, 274, 247, 9.79
16, 30, 450, 295, 266, 9.83
16, 32, 450, 314, 283, 9.81
16, 34, 450, 334, 301, 9.82
16, 36, 450, 352, 317, 9.78
16, 38, 450, 375, 338, 9.87
16, 40, 450, 394, 355, 9.85
16, 42, 450, 414, 373, 9.86
16, 44, 450, 431, 388, 9.8
16, 46, 450, 450, 405, 9.78
16, 48, 450, 471, 424, 9.81
16, 50, 450, 490, 441, 9.8
16, 2, 460, 24, 23, 12
16, 4, 460, 43, 40, 10.75
16, 6, 460, 63, 58, 10.5
16, 8, 460, 82, 75, 10.25
16, 10, 460, 103, 94, 10.3
16, 12, 460, 120, 109, 10
16, 14, 460, 139, 126, 9.93
16, 16, 460, 159, 144, 9.94
16, 18, 460, 178, 161, 9.89
16, 20, 460, 200, 181, 10
16, 22, 460, 218, 197, 9.91
16, 24, 460, 238, 215, 9.92
16, 26, 460, 257, 232, 9.88
16, 28, 460, 278, 251, 9.93
16, 30, 460, 297, 268, 9.9
16, 32, 460, 314, 283, 9.81
16, 34, 460, 334, 301, 9.82
16, 36, 460, 353, 318, 9.81
16, 38, 460, 376, 339, 9.89
16, 40, 460, 395, 356, 9.88
16, 42, 460, 414, 373, 9.86
16, 44, 460, 433, 390, 9.84
16, 46, 460, 454, 409, 9.87
16, 48, 460, 473, 426, 9.85
16, 50, 460, 493, 444, 9.86
16, 2, 470, 24, 23, 12
16, 4, 470, 43, 40, 10.75
16, 6, 470, 63, 58, 10.5
16, 8, 470, 82, 75, 10.25
16, 10, 470, 103, 94, 10.3
16, 12, 470, 122, 111, 10.17
16, 14, 470, 139, 126, 9.93
16, 16, 470, 159, 144, 9.94
16, 18, 470, 178, 161, 9.89
16, 20, 470, 200, 181, 10
16, 22, 470, 219, 198, 9.95
16, 24, 470, 239, 216, 9.96
16, 26, 470, 257, 232, 9.88
16, 28, 470, 278, 251, 9.93
16, 30, 470, 297, 268, 9.9
16, 32, 470, 317, 286, 9.91
16, 34, 470, 336, 303, 9.88
16, 36, 470, 359, 324, 9.97
16, 38, 470, 376, 339, 9.89
16, 40, 470, 395, 356, 9.88
16, 42, 470, 415, 374, 9.88
16, 44, 470, 434, 391, 9.86
16, 46, 470, 455, 410, 9.89
16, 48, 470, 474, 427, 9.88
16, 50, 470, 493, 444, 9.86
16, 2, 480, 24, 23, 12
16, 4, 480, 43, 40, 10.75
16, 6, 480, 63, 58, 10.5
16, 8, 480, 82, 75, 10.25
16, 10, 480, 103, 94, 10.3
16, 12, 480, 122, 111, 10.17
16, 14, 480, 142, 129, 10.14
16, 16, 480, 161, 146, 10.06
16, 18, 480, 178, 161, 9.89
16, 20, 480, 200, 181, 10
16, 22, 480, 219, 198, 9.95
16, 24, 480, 239, 216, 9.96
16, 26, 480, 258, 233, 9.92
16, 28, 480, 279, 252, 9.96
16, 30, 480, 298, 269, 9.93
16, 32, 480, 318, 287, 9.94
16, 34, 480, 336, 303, 9.88
16, 36, 480, 359, 324, 9.97
16, 38, 480, 378, 341, 9.95
16, 40, 480, 398, 359, 9.95
16, 42, 480, 417, 376, 9.93
16, 44, 480, 438, 395, 9.95
16, 46, 480, 457, 412, 9.93
16, 48, 480, 477, 430, 9.94
16, 50, 480, 494, 445, 9.88
16, 2, 490, 24, 23, 12
16, 4, 490, 43, 40, 10.75
16, 6, 490, 63, 58, 10.5
16, 8, 490, 82, 75, 10.25
16, 10, 490, 103, 94, 10.3
16, 12, 490, 122, 111, 10.17
16, 14, 490, 142, 129, 10.14
16, 16, 490, 161, 146, 10.06
16, 18, 490, 183, 166, 10.17
16, 20, 490, 202, 183, 10.1
16, 22, 490, 222, 201, 10.09
16, 24, 490, 241, 218, 10.04
16, 26, 490, 258, 233, 9.92
16, 28, 490, 279, 252, 9.96
16, 30, 490, 298, 269, 9.93
16, 32, 490, 318, 287, 9.94
16, 34, 490, 337, 304, 9.91
16, 36, 490, 360, 325, 10
16, 38, 490, 379, 342, 9.97
16, 40, 490, 399, 360, 9.98
16, 42, 490, 418, 377, 9.95
16, 44, 490, 439, 396, 9.98
16, 46, 490, 458, 413, 9.96
16, 48, 490, 477, 430, 9.94
16, 50, 490, 496, 447, 9.92
16, 2, 500, 24, 23, 12
16, 4, 500, 43, 40, 10.75
16, 6, 500, 63, 58, 10.5
16, 8, 500, 82, 75, 10.25
16, 10, 500, 103, 94, 10.3
16, 12, 500, 122, 111, 10.17
16, 14, 500, 142, 129, 10.14
16, 16, 500, 161, 146, 10.06
16, 18, 500, 183, 166, 10.17
16, 20, 500, 202, 183, 10.1
16, 22, 500, 222, 201, 10.09
16, 24, 500, 241, 218, 10.04
16, 26, 500, 262, 237, 10.08
16, 28, 500, 281, 254, 10.04
16, 30, 500, 301, 272, 10.03
16, 32, 500, 320, 289, 10
16, 34, 500, 343, 310, 10.09
16, 36, 500, 362, 327, 10.06
16, 38, 500, 382, 345, 10.05
16, 40, 500, 401, 362, 10.03
16, 42, 500, 422, 381, 10.05
16, 44, 500, 439, 396, 9.98
16, 46, 500, 458, 413, 9.96
16, 48, 500, 478, 431, 9.96
16, 50, 500, 497, 448, 9.94
16, 2, 510, 24, 23, 12
16, 4, 510, 43, 40, 10.75
16, 6, 510, 63, 58, 10.5
16, 8, 510, 82, 75, 10.25
16, 10, 510, 103, 94, 10.3
16, 12, 510, 122, 111, 10.17
16, 14, 510, 142, 129, 10.14
16, 16, 510, 161, 146, 10.06
16, 18, 510, 183, 166, 10.17
16, 20, 510, 202, 183, 10.1
16, 22, 510, 222, 201, 10.09
16, 24, 510, 241, 218, 10.04
16, 26, 510, 262, 237, 10.08
16, 28, 510, 281, 254, 10.04
16, 30, 510, 301, 272, 10.03
16, 32, 510, 320, 289, 10
16, 34, 510, 343, 310, 10.09
16, 36, 510, 362, 327, 10.06
16, 38, 510, 382, 345, 10.05
16, 40, 510, 401, 362, 10.03
16, 42, 510, 422, 381, 10.05
16, 44, 510, 441, 398, 10.02
16, 46, 510, 461, 416, 10.02
16, 48, 510, 480, 433, 10
16, 50, 510, 502, 453, 10.04
16, 2, 520, 25, 24, 12.5
16, 4, 520, 44, 41, 11
16, 6, 520, 64, 59, 10.67
16, 8, 520, 83, 76, 10.38
16, 10, 520, 104, 95, 10.4
16, 12, 520, 123, 112, 10.25
16, 14, 520, 143, 130, 10.21
16, 16, 520, 162, 147, 10.13
16, 18, 520, 184, 167, 10.22
16, 20, 520, 203, 184, 10.15
16, 22, 520, 223, 202, 10.14
16, 24, 520, 242, 219, 10.08
16, 26, 520, 263, 238, 10.12
16, 28, 520, 282, 255, 10.07
16, 30, 520, 302, 273, 10.07
16, 32, 520, 321, 290, 10.03
16, 34, 520, 344, 311, 10.12
16, 36, 520, 363, 328, 10.08
16, 38, 520, 383, 346, 10.08
16, 40, 520, 402, 363, 10.05
16, 42, 520, 423, 382, 10.07
16, 44, 520, 442, 399, 10.05
16, 46, 520, 462, 417, 10.04
16, 48, 520, 481, 434, 10.02
16, 50, 520, 503, 454, 10.06
16, 2, 530, 25, 24, 12.5
16, 4, 530, 44, 41, 11
16, 6, 530, 64, 59, 10.67
16, 8, 530, 83, 76, 10.38
16, 10, 530, 104, 95, 10.4
16, 12, 530, 123, 112, 10.25
16, 14, 530, 143, 130, 10.21
16, 16, 530, 162, 147, 10.13
16, 18, 530, 184, 167, 10.22
16, 20, 530, 203, 184, 10.15
16, 22, 530, 223, 202, 10.14
16, 24, 530, 242, 219, 10.08
16, 26, 530, 263, 238, 10.12
16, 28, 530, 282, 255, 10.07
16, 30, 530, 303, 274, 10.1
16, 32, 530, 326, 295, 10.19
16, 34, 530, 345, 312, 10.15
16, 36, 530, 365, 330, 10.14
16, 38, 530, 384, 347, 10.11
16, 40, 530, 405, 366, 10.13
16, 42, 530, 424, 383, 10.1
16, 44, 530, 444, 401, 10.09
16, 46, 530, 463, 418, 10.07
16, 48, 530, 485, 438, 10.1
16, 50, 530, 504, 455, 10.08
16, 2, 540, 25, 24, 12.5
16, 4, 540, 44, 41, 11
16, 6, 540, 64, 59, 10.67
16, 8, 540, 83, 76, 10.38
16, 10, 540, 104, 95, 10.4
16, 12, 540, 123, 112, 10.25
16, 14, 540, 143, 130, 10.21
16, 16, 540, 162, 147, 10.13
16, 18, 540, 184, 167, 10.22
16, 20, 540, 205, 186, 10.25
16, 22, 540, 224, 203, 10.18
16, 24, 540, 245, 222, 10.21
16, 26, 540, 264, 239, 10.15
16, 28, 540, 284, 257, 10.14
16, 30, 540, 303, 274, 10.1
16, 32, 540, 326, 295, 10.19
16, 34, 540, 345, 312, 10.15
16, 36, 540, 365, 330, 10.14
16, 38, 540, 384, 347, 10.11
16, 40, 540, 405, 366, 10.13
16, 42, 540, 424, 383, 10.1
16, 44, 540, 444, 401, 10.09
16, 46, 540, 463, 418, 10.07
16, 48, 540, 485, 438, 10.1
16, 50, 540, 504, 455, 10.08
16, 2, 550, 25, 24, 12.5
16, 4, 550, 44, 41, 11
16, 6, 550, 64, 59, 10.67
16, 8, 550, 83, 76, 10.38
16, 10, 550, 104, 95, 10.4
16, 12, 550, 123, 112, 10.25
16, 14, 550, 143, 130, 10.21
16, 16, 550, 166, 151, 10.38
16, 18, 550, 185, 168, 10.28
16, 20, 550, 205, 186, 10.25
16, 22, 550, 224, 203, 10.18
16, 24, 550, 245, 222, 10.21
16, 26, 550, 264, 239, 10.15
16, 28, 550, 284, 257, 10.14
16, 30, 550, 303, 274, 10.1
16, 32, 550, 326, 295, 10.19
16, 34, 550, 345, 312, 10.15
16, 36, 550, 365, 330, 10.14
16, 38, 550, 384, 347, 10.11
16, 40, 550, 405, 366, 10.13
16, 42, 550, 426, 385, 10.14
16, 44, 550, 445, 402, 10.11
16, 46, 550, 467, 422, 10.15
16, 48, 550, 486, 439, 10.13
16, 50, 550, 506, 457, 10.12
16, 2, 560, 25, 24, 12.5
16, 4, 560, 44, 41, 11
16, 6, 560, 64, 59, 10.67
16, 8, 560, 83, 76, 10.38
16, 10, 560, 104, 95, 10.4
16, 12, 560, 125, 114, 10.42
16, 14, 560, 144, 131, 10.29
16, 16, 560, 166, 151, 10.38
16, 18, 560, 185, 168, 10.28
16, 20, 560, 205, 186, 10.25
16, 22, 560, 224, 203, 10.18
16, 24, 560, 245, 222, 10.21
16, 26, 560, 264, 239, 10.15
16, 28, 560, 284, 257, 10.14
16, 30, 560, 303, 274, 10.1
16, 32, 560, 326, 295, 10.19
16, 34, 560, 347, 314, 10.21
16, 36, 560, 366, 331, 10.17
16, 38, 560, 387, 350, 10.18
16, 40, 560, 406, 367, 10.15
16, 42, 560, 426, 385, 10.14
16, 44, 560, 445, 402, 10.11
16, 46, 560, 467, 422, 10.15
16, 48, 560, 486, 439, 10.13
16, 50, 560, 506, 457, 10.12
16, 2, 570, 25, 24, 12.5
16, 4, 570, 44, 41, 11
16, 6, 570, 64, 59, 10.67
16, 8, 570, 83, 76, 10.38
16, 10, 570, 105, 96, 10.5
16, 12, 570, 125, 114, 10.42
16, 14, 570, 144, 131, 10.29
16, 16, 570, 166, 151, 10.38
16, 18, 570, 185, 168, 10.28
16, 20, 570, 205, 186, 10.25
16, 22, 570, 224, 203, 10.18
16, 24, 570, 245, 222, 10.21
16, 26, 570, 264, 239, 10.15
16, 28, 570, 285, 258, 10.18
16, 30, 570, 308, 279, 10.27
16, 32, 570, 327, 296, 10.22
16, 34, 570, 347, 314, 10.21
16, 36, 570, 366, 331, 10.17
16, 38, 570, 387, 350, 10.18
16, 40, 570, 406, 367, 10.15
16, 42, 570, 426, 385, 10.14
16, 44, 570, 445, 402, 10.11
16, 46, 570, 468, 423, 10.17
16, 48, 570, 488, 441, 10.17
16, 50, 570, 507, 458, 10.14
16, 2, 580, 25, 24, 12.5
16, 4, 580, 44, 41, 11
16, 6, 580, 64, 59, 10.67
16, 8, 580, 83, 76, 10.38
16, 10, 580, 105, 96, 10.5
16, 12, 580, 125, 114, 10.42
16, 14, 580, 144, 131, 10.29
16, 16, 580, 166, 151, 10.38
16, 18, 580, 185, 168, 10.28
16, 20, 580, 205, 186, 10.25
16, 22, 580, 224, 203, 10.18
16, 24, 580, 246, 223, 10.25
16, 26, 580, 266, 241, 10.23
16, 28, 580, 285, 258, 10.18
16, 30, 580, 308, 279, 10.27
16, 32, 580, 327, 296, 10.22
16, 34, 580, 347, 314, 10.21
16, 36, 580, 366, 331, 10.17
16, 38, 580, 387, 350, 10.18
16, 40, 580, 408, 369, 10.2
16, 42, 580, 427, 386, 10.17
16, 44, 580, 449, 406, 10.2
16, 46, 580, 468, 423, 10.17
16, 48, 580, 488, 441, 10.17
16, 50, 580, 507, 458, 10.14
16, 2, 590, 25, 24, 12.5
16, 4, 590, 44, 41, 11
16, 6, 590, 64, 59, 10.67
16, 8, 590, 86, 79, 10.75
16, 10, 590, 105, 96, 10.5
16, 12, 590, 125, 114, 10.42
16, 14, 590, 144, 131, 10.29
16, 16, 590, 166, 151, 10.38
16, 18, 590, 185, 168, 10.28
16, 20, 590, 205, 186, 10.25
16, 22, 590, 227, 206, 10.32
16, 24, 590, 246, 223, 10.25
16, 26, 590, 266, 241, 10.23
16, 28, 590, 285, 258, 10.18
16, 30, 590, 308, 279, 10.27
16, 32, 590, 327, 296, 10.22
16, 34, 590, 348, 315, 10.24
16, 36, 590, 369, 334, 10.25
16, 38, 590, 388, 351, 10.21
16, 40, 590, 408, 369, 10.2
16, 42, 590, 427, 386, 10.17
16, 44, 590, 449, 406, 10.2
16, 46, 590, 468, 423, 10.17
16, 48, 590, 489, 442, 10.19
16, 50, 590, 510, 461, 10.2
16, 2, 600, 25, 24, 12.5
16, 4, 600, 44, 41, 11
16, 6, 600, 64, 59, 10.67
16, 8, 600, 86, 79, 10.75
16, 10, 600, 105, 96, 10.5
16, 12, 600, 125, 114, 10.42
16, 14, 600, 144, 131, 10.29
16, 16, 600, 166, 151, 10.38
16, 18, 600, 185, 168, 10.28
16, 20, 600, 206, 187, 10.3
16, 22, 600, 227, 206, 10.32
16, 24, 600, 246, 223, 10.25
16, 26, 600, 266, 241, 10.23
16, 28, 600, 285, 258, 10.18
16, 30, 600, 308, 279, 10.27
16, 32, 600, 329, 298, 10.28
16, 34, 600, 348, 315, 10.24
16, 36, 600, 369, 334, 10.25
16, 38, 600, 388, 351, 10.21
16, 40, 600, 408, 369, 10.2
16, 42, 600, 431, 390, 10.26
16, 44, 600, 450, 407, 10.23
16, 46, 600, 470, 425, 10.22
16, 48, 600, 489, 442, 10.19
16, 50, 600, 510, 461, 10.2
16, 2, 610, 25, 24, 12.5
16, 4, 610, 44, 41, 11
16, 6, 610, 64, 59, 10.67
16, 8, 610, 86, 79, 10.75
16, 10, 610, 105, 96, 10.5
16, 12, 610, 125, 114, 10.42
16, 14, 610, 144, 131, 10.29
16, 16, 610, 166, 151, 10.38
16, 18, 610, 187, 170, 10.39
16, 20, 610, 206, 187, 10.3
16, 22, 610, 227, 206, 10.32
16, 24, 610, 246, 223, 10.25
16, 26, 610, 266, 241, 10.23
16, 28, 610, 290, 263, 10.36
16, 30, 610, 309, 280, 10.3
16, 32, 610, 329, 298, 10.28
16, 34, 610, 348, 315, 10.24
16, 36, 610, 369, 334, 10.25
16, 38, 610, 390, 353, 10.26
16, 40, 610, 409, 370, 10.23
16, 42, 610, 431, 390, 10.26
16, 44, 610, 450, 407, 10.23
16, 46, 610, 470, 425, 10.22
16, 48, 610, 489, 442, 10.19
16, 50, 610, 511, 462, 10.22
16, 2, 620, 25, 24, 12.5
16, 4, 620, 44, 41, 11
16, 6, 620, 65, 60, 10.83
16, 8, 620, 86, 79, 10.75
16, 10, 620, 105, 96, 10.5
16, 12, 620, 125, 114, 10.42
16, 14, 620, 144, 131, 10.29
16, 16, 620, 167, 152, 10.44
16, 18, 620, 187, 170, 10.39
16, 20, 620, 206, 187, 10.3
16, 22, 620, 227, 206, 10.32
16, 24, 620, 246, 223, 10.25
16, 26, 620, 267, 242, 10.27
16, 28, 620, 290, 263, 10.36
16, 30, 620, 309, 280, 10.3
16, 32, 620, 329, 298, 10.28
16, 34, 620, 348, 315, 10.24
16, 36, 620, 370, 335, 10.28
16, 38, 620, 390, 353, 10.26
16, 40, 620, 409, 370, 10.23
16, 42, 620, 431, 390, 10.26
16, 44, 620, 452, 409, 10.27
16, 46, 620, 471, 426, 10.24
16, 48, 620, 492, 445, 10.25
16, 50, 620, 511, 462, 10.22
16, 2, 630, 25, 24, 12.5
16, 4, 630, 44, 41, 11
16, 6, 630, 65, 60, 10.83
16, 8, 630, 86, 79, 10.75
16, 10, 630, 105, 96, 10.5
16, 12, 630, 125, 114, 10.42
16, 14, 630, 144, 131, 10.29
16, 16, 630, 167, 152, 10.44
16, 18, 630, 187, 170, 10.39
16, 20, 630, 206, 187, 10.3
16, 22, 630, 227, 206, 10.32
16, 24, 630, 248, 225, 10.33
16, 26, 630, 267, 242, 10.27
16, 28, 630, 290, 263, 10.36
16, 30, 630, 309, 280, 10.3
16, 32, 630, 330, 299, 10.31
16, 34, 630, 351, 318, 10.32
16, 36, 630, 370, 335, 10.28
16, 38, 630, 390, 353, 10.26
16, 40, 630, 409, 370, 10.23
16, 42, 630, 432, 391, 10.29
16, 44, 630, 452, 409, 10.27
16, 46, 630, 471, 426, 10.24
16, 48, 630, 492, 445, 10.25
16, 50, 630, 513, 464, 10.26
16, 2, 640, 25, 24, 12.5
16, 4, 640, 44, 41, 11
16, 6, 640, 65, 60, 10.83
16, 8, 640, 86, 79, 10.75
16, 10, 640, 105, 96, 10.5
16, 12, 640, 125, 114, 10.42
16, 14, 640, 148, 135, 10.57
16, 16, 640, 167, 152, 10.44
16, 18, 640, 187, 170, 10.39
16, 20, 640, 206, 187, 10.3
16, 22, 640, 228, 207, 10.36
16, 24, 640, 248, 225, 10.33
16, 26, 640, 267, 242, 10.27
16, 28, 640, 290, 263, 10.36
16, 30, 640, 311, 282, 10.37
16, 32, 640, 330, 299, 10.31
16, 34, 640, 351, 318, 10.32
16, 36, 640, 370, 335, 10.28
16, 38, 640, 391, 354, 10.29
16, 40, 640, 413, 374, 10.33
16, 42, 640, 432, 391, 10.29
16, 44, 640, 452, 409, 10.27
16, 46, 640, 474, 429, 10.3
16, 48, 640, 493, 446, 10.27
16, 50, 640, 513, 464, 10.26
16, 2, 650, 25, 24, 12.5
16, 4, 650, 44, 41, 11
16, 6, 650, 65, 60, 10.83
16, 8, 650, 86, 79, 10.75
16, 10, 650, 105, 96, 10.5
16, 12, 650, 125, 114, 10.42
16, 14, 650, 148, 135, 10.57
16, 16, 650, 167, 152, 10.44
16, 18, 650, 187, 170, 10.39
16, 20, 650, 209, 190, 10.45
16, 22, 650, 228, 207, 10.36
16, 24, 650, 248, 225, 10.33
16, 26, 650, 267, 242, 10.27
16, 28, 650, 291, 264, 10.39
16, 30, 650, 311, 282, 10.37
16, 32, 650, 330, 299, 10.31
16, 34, 650, 351, 318, 10.32
16, 36, 650, 372, 337, 10.33
16, 38, 650, 391, 354, 10.29
16, 40, 650, 413, 374, 10.33
16, 42, 650, 434, 393, 10.33
16, 44, 650, 453, 410, 10.3
16, 46, 650, 474, 429, 10.3
16, 48, 650, 493, 446, 10.27
16, 50, 650, 514, 465, 10.28
16, 2, 660, 25, 24, 12.5
16, 4, 660, 44, 41, 11
16, 6, 660, 65, 60, 10.83
16, 8, 660, 86, 79, 10.75
16, 10, 660, 105, 96, 10.5
16, 12, 660, 126, 115, 10.5
16, 14, 660, 148, 135, 10.57
16, 16, 660, 167, 152, 10.44
16, 18, 660, 187, 170, 10.39
16, 20, 660, 209, 190, 10.45
16, 22, 660, 228, 207, 10.36
16, 24, 660, 248, 225, 10.33
16, 26, 660, 272, 247, 10.46
16, 28, 660, 291, 264, 10.39
16, 30, 660, 311, 282, 10.37
16, 32, 660, 330, 299, 10.31
16, 34, 660, 352, 319, 10.35
16, 36, 660, 372, 337, 10.33
16, 38, 660, 391, 354, 10.29
16, 40, 660, 414, 375, 10.35
16, 42, 660, 434, 393, 10.33
16, 44, 660, 453, 410, 10.3
16, 46, 660, 475, 430, 10.33
16, 48, 660, 495, 448, 10.31
16, 50, 660, 514, 465, 10.28
16, 2, 670, 25, 24, 12.5
16, 4, 670, 44, 41, 11
16, 6, 670, 65, 60, 10.83
16, 8, 670, 86, 79, 10.75
16, 10, 670, 105, 96, 10.5
16, 12, 670, 126, 115, 10.5
16, 14, 670, 148, 135, 10.57
16, 16, 670, 167, 152, 10.44
16, 18, 670, 188, 171, 10.44
16, 20, 670, 209, 190, 10.45
16, 22, 670, 228, 207, 10.36
16, 24, 670, 249, 226, 10.38
16, 26, 670, 272, 247, 10.46
16, 28, 670, 291, 264, 10.39
16, 30, 670, 311, 282, 10.37
16, 32, 670, 333, 302, 10.41
16, 34, 670, 352, 319, 10.35
16, 36, 670, 372, 337, 10.33
16, 38, 670, 395, 358, 10.39
16, 40, 670, 414, 375, 10.35
16, 42, 670, 434, 393, 10.33
16, 44, 670, 456, 413, 10.36
16, 46, 670, 475, 430, 10.33
16, 48, 670, 495, 448, 10.31
16, 50, 670, 520, 471, 10.4
16, 2, 680, 25, 24, 12.5
16, 4, 680, 44, 41, 11
16, 6, 680, 65, 60, 10.83
16, 8, 680, 86, 79, 10.75
16, 10, 680, 105, 96, 10.5
16, 12, 680, 126, 115, 10.5
16, 14, 680, 148, 135, 10.57
16, 16, 680, 167, 152, 10.44
16, 18, 680, 188, 171, 10.44
16, 20, 680, 209, 190, 10.45
16, 22, 680, 228, 207, 10.36
16, 24, 680, 249, 226, 10.38
16, 26, 680, 272, 247, 10.46
16, 28, 680, 291, 264, 10.39
16, 30, 680, 312, 283, 10.4
16, 32, 680, 333, 302, 10.41
16, 34, 680, 352, 319, 10.35
16, 36, 680, 373, 338, 10.36
16, 38, 680, 395, 358, 10.39
16, 40, 680, 414, 375, 10.35
16, 42, 680, 435, 394, 10.36
16, 44, 680, 456, 413, 10.36
16, 46, 680, 475, 430, 10.33
16, 48, 680, 496, 449, 10.33
16, 50, 680, 520, 471, 10.4
16, 2, 690, 25, 24, 12.5
16, 4, 690, 46, 43, 11.5
16, 6, 690, 65, 60, 10.83
16, 8, 690, 86, 79, 10.75
16, 10, 690, 107, 98, 10.7
16, 12, 690, 126, 115, 10.5
16, 14, 690, 148, 135, 10.57
16, 16, 690, 169, 154, 10.56
16, 18, 690, 188, 171, 10.44
16, 20, 690, 209, 190, 10.45
16, 22, 690, 230, 209, 10.45
16, 24, 690, 249, 226, 10.38
16, 26, 690, 272, 247, 10.46
16, 28, 690, 293, 266, 10.46
16, 30, 690, 312, 283, 10.4
16, 32, 690, 333, 302, 10.41
16, 34, 690, 354, 321, 10.41
16, 36, 690, 373, 338, 10.36
16, 38, 690, 395, 358, 10.39
16, 40, 690, 416, 377, 10.4
16, 42, 690, 435, 394, 10.36
16, 44, 690, 456, 413, 10.36
16, 46, 690, 477, 432, 10.37
16, 48, 690, 496, 449, 10.33
16, 50, 690, 521, 472, 10.42
16, 2, 700, 25, 24, 12.5
16, 4, 700, 46, 43, 11.5
16, 6, 700, 65, 60, 10.83
16, 8, 700, 86, 79, 10.75
16, 10, 700, 107, 98, 10.7
16, 12, 700, 126, 115, 10.5
16, 14, 700, 148, 135, 10.57
16, 16, 700, 169, 154, 10.56
16, 18, 700, 188, 171, 10.44
16, 20, 700, 209, 190, 10.45
16, 22, 700, 230, 209, 10.45
16, 24, 700, 249, 226, 10.38
16, 26, 700, 273, 248, 10.5
16, 28, 700, 293, 266, 10.46
16, 30, 700, 312, 283, 10.4
16, 32, 700, 334, 303, 10.44
16, 34, 700, 354, 321, 10.41
16, 36, 700, 373, 338, 10.36
16, 38, 700, 396, 359, 10.42
16, 40, 700, 416, 377, 10.4
16, 42, 700, 438, 397, 10.43
16, 44, 700, 457, 414, 10.39
16, 46, 700, 477, 432, 10.37
16, 48, 700, 502, 455, 10.46
16, 50, 700, 521, 472, 10.42
16, 2, 710, 25, 24, 12.5
16, 4, 710, 46, 43, 11.5
16, 6, 710, 65, 60, 10.83
16, 8, 710, 86, 79, 10.75
16, 10, 710, 107, 98, 10.7
16, 12, 710, 126, 115, 10.5
16, 14, 710, 149, 136, 10.64
16, 16, 710, 169, 154, 10.56
16, 18, 710, 188, 171, 10.44
16, 20, 710, 210, 191, 10.5
16, 22, 710, 230, 209, 10.45
16, 24, 710, 249, 226, 10.38
16, 26, 710, 273, 248, 10.5
16, 28, 710, 293, 266, 10.46
16, 30, 710, 315, 286, 10.5
16, 32, 710, 334, 303, 10.44
16, 34, 710, 354, 321, 10.41
16, 36, 710, 377, 342, 10.47
16, 38, 710, 396, 359, 10.42
16, 40, 710, 417, 378, 10.43
16, 42, 710, 438, 397, 10.43
16, 44, 710, 457, 414, 10.39
16, 46, 710, 478, 433, 10.39
16, 48, 710, 502, 455, 10.46
16, 50, 710, 521, 472, 10.42
16, 2, 720, 25, 24, 12.5
16, 4, 720, 46, 43, 11.5
16, 6, 720, 65, 60, 10.83
16, 8, 720, 86, 79, 10.75
16, 10, 720, 107, 98, 10.7
16, 12, 720, 126, 115, 10.5
16, 14, 720, 149, 136, 10.64
16, 16, 720, 169, 154, 10.56
16, 18, 720, 188, 171, 10.44
16, 20, 720, 210, 191, 10.5
16, 22, 720, 230, 209, 10.45
16, 24, 720, 254, 231, 10.58
16, 26, 720, 273, 248, 10.5
16, 28, 720, 293, 266, 10.46
16, 30, 720, 315, 286, 10.5
16, 32, 720, 334, 303, 10.44
16, 34, 720, 355, 322, 10.44
16, 36, 720, 377, 342, 10.47
16, 38, 720, 398, 361, 10.47
16, 40, 720, 417, 378, 10.43
16, 42, 720, 438, 397, 10.43
16, 44, 720, 459, 416, 10.43
16, 46, 720, 478, 433, 10.39
16, 48, 720, 503, 456, 10.48
16, 50, 720, 523, 474, 10.46
16, 2, 730, 25, 24, 12.5
16, 4, 730, 46, 43, 11.5
16, 6, 730, 65, 60, 10.83
16, 8, 730, 86, 79, 10.75
16, 10, 730, 107, 98, 10.7
16, 12, 730, 126, 115, 10.5
16, 14, 730, 149, 136, 10.64
16, 16, 730, 169, 154, 10.56
16, 18, 730, 191, 174, 10.61
16, 20, 730, 210, 191, 10.5
16, 22, 730, 230, 209, 10.45
16, 24, 730, 254, 231, 10.58
16, 26, 730, 273, 248, 10.5
16, 28, 730, 294, 267, 10.5
16, 30, 730, 315, 286, 10.5
16, 32, 730, 336, 305, 10.5
16, 34, 730, 355, 322, 10.44
16, 36, 730, 377, 342, 10.47
16, 38, 730, 398, 361, 10.47
16, 40, 730, 417, 378, 10.43
16, 42, 730, 439, 398, 10.45
16, 44, 730, 459, 416, 10.43
16, 46, 730, 484, 439, 10.52
16, 48, 730, 503, 456, 10.48
16, 50, 730, 523, 474, 10.46
16, 2, 740, 25, 24, 12.5
16, 4, 740, 46, 43, 11.5
16, 6, 740, 65, 60, 10.83
16, 8, 740, 87, 80, 10.88
16, 10, 740, 107, 98, 10.7
16, 12, 740, 126, 115, 10.5
16, 14, 740, 149, 136, 10.64
16, 16, 740, 169, 154, 10.56
16, 18, 740, 191, 174, 10.61
16, 20, 740, 210, 191, 10.5
16, 22, 740, 231, 210, 10.5
16, 24, 740, 254, 231, 10.58
16, 26, 740, 275, 250, 10.58
16, 28, 740, 294, 267, 10.5
16, 30, 740, 315, 286, 10.5
16, 32, 740, 336, 305, 10.5
16, 34, 740, 355, 322, 10.44
16, 36, 740, 378, 343, 10.5
16, 38, 740, 398, 361, 10.47
16, 40, 740, 420, 381, 10.5
16, 42, 740, 439, 398, 10.45
16, 44, 740, 460, 417, 10.45
16, 46, 740, 484, 439, 10.52
16, 48, 740, 503, 456, 10.48
16, 50, 740, 524, 475, 10.48
16, 2, 750, 25, 24, 12.5
16, 4, 750, 46, 43, 11.5
16, 6, 750, 65, 60, 10.83
16, 8, 750, 87, 80, 10.88
16, 10, 750, 107, 98, 10.7
16, 12, 750, 130, 119, 10.83
16, 14, 750, 149, 136, 10.64
16, 16, 750, 169, 154, 10.56
16, 18, 750, 191, 174, 10.61
16, 20, 750, 210, 191, 10.5
16, 22, 750, 231, 210, 10.5
16, 24, 750, 254, 231, 10.58
16, 26, 750, 275, 250, 10.58
16, 28, 750, 294, 267, 10.5
16, 30, 750, 316, 287, 10.53
16, 32, 750, 336, 305, 10.5
16, 34, 750, 359, 326, 10.56
16, 36, 750, 378, 343, 10.5
16, 38, 750, 399, 362, 10.5
16, 40, 750, 420, 381, 10.5
16, 42, 750, 441, 400, 10.5
16, 44, 750, 460, 417, 10.45
16, 46, 750, 484, 439, 10.52
16, 48, 750, 505, 458, 10.52
16, 50, 750, 524, 475, 10.48
16, 2, 760, 25, 24, 12.5
16, 4, 760, 46, 43, 11.5
16, 6, 760, 65, 60, 10.83
16, 8, 760, 87, 80, 10.88
16, 10, 760, 107, 98, 10.7
16, 12, 760, 130, 119, 10.83
16, 14, 760, 149, 136, 10.64
16, 16, 760, 170, 155, 10.63
16, 18, 760, 191, 174, 10.61
16, 20, 760, 212, 193, 10.6
16, 22, 760, 231, 210, 10.5
16, 24, 760, 255, 232, 10.63
16, 26, 760, 275, 250, 10.58
16, 28, 760, 297, 270, 10.61
16, 30, 760, 316, 287, 10.53
16, 32, 760, 337, 306, 10.53
16, 34, 760, 359, 326, 10.56
16, 36, 760, 378, 343, 10.5
16, 38, 760, 399, 362, 10.5
16, 40, 760, 420, 381, 10.5
16, 42, 760, 441, 400, 10.5
16, 44, 760, 460, 417, 10.45
16, 46, 760, 485, 440, 10.54
16, 48, 760, 505, 458, 10.52
16, 50, 760, 527, 478, 10.54
16, 2, 770, 25, 24, 12.5
16, 4, 770, 46, 43, 11.5
16, 6, 770, 65, 60, 10.83
16, 8, 770, 87, 80, 10.88
16, 10, 770, 107, 98, 10.7
16, 12, 770, 130, 119, 10.83
16, 14, 770, 149, 136, 10.64
16, 16, 770, 170, 155, 10.63
16, 18, 770, 191, 174, 10.61
16, 20, 770, 212, 193, 10.6
16, 22, 770, 231, 210, 10.5
16, 24, 770, 255, 232, 10.63
16, 26, 770, 275, 250, 10.58
16, 28, 770, 297, 270, 10.61
16, 30, 770, 316, 287, 10.53
16, 32, 770, 337, 306, 10.53
16, 34, 770, 359, 326, 10.56
16, 36, 770, 380, 345, 10.56
16, 38, 770, 399, 362, 10.5
16, 40, 770, 421, 382, 10.53
16, 42, 770, 441, 400, 10.5
16, 44, 770, 466, 423, 10.59
16, 46, 770, 485, 440, 10.54
16, 48, 770, 506, 459, 10.54
16, 50, 770, 527, 478, 10.54
16, 2, 780, 25, 24, 12.5
16, 4, 780, 46, 43, 11.5
16, 6, 780, 65, 60, 10.83
16, 8, 780, 87, 80, 10.88
16, 10, 780, 107, 98, 10.7
16, 12, 780, 130, 119, 10.83
16, 14, 780, 149, 136, 10.64
16, 16, 780, 170, 155, 10.63
16, 18, 780, 191, 174, 10.61
16, 20, 780, 212, 193, 10.6
16, 22, 780, 231, 210, 10.5
16, 24, 780, 255, 232, 10.63
16, 26, 780, 276, 251, 10.62
16, 28, 780, 297, 270, 10.61
16, 30, 780, 318, 289, 10.6
16, 32, 780, 337, 306, 10.53
16, 34, 780, 360, 327, 10.59
16, 36, 780, 380, 345, 10.56
16, 38, 780, 402, 365, 10.58
16, 40, 780, 421, 382, 10.53
16, 42, 780, 442, 401, 10.52
16, 44, 780, 466, 423, 10.59
16, 46, 780, 487, 442, 10.59
16, 48, 780, 506, 459, 10.54
16, 50, 780, 528, 479, 10.56
16, 2, 790, 25, 24, 12.5
16, 4, 790, 46, 43, 11.5
16, 6, 790, 65, 60, 10.83
16, 8, 790, 87, 80, 10.88
16, 10, 790, 107, 98, 10.7
16, 12, 790, 130, 119, 10.83
16, 14, 790, 151, 138, 10.79
16, 16, 790, 170, 155, 10.63
16, 18, 790, 192, 175, 10.67
16, 20, 790, 212, 193, 10.6
16, 22, 790, 236, 215, 10.73
16, 24, 790, 255, 232, 10.63
16, 26, 790, 276, 251, 10.62
16, 28, 790, 297, 270, 10.61
16, 30, 790, 318, 289, 10.6
16, 32, 790, 337, 306, 10.53
16, 34, 790, 360, 327, 10.59
16, 36, 790, 381, 346, 10.58
16, 38, 790, 402, 365, 10.58
16, 40, 790, 423, 384, 10.58
16, 42, 790, 442, 401, 10.52
16, 44, 790, 467, 424, 10.61
16, 46, 790, 487, 442, 10.59
16, 48, 790, 509, 462, 10.6
16, 50, 790, 528, 479, 10.56
16, 2, 800, 25, 24, 12.5
16, 4, 800, 46, 43, 11.5
16, 6, 800, 65, 60, 10.83
16, 8, 800, 87, 80, 10.88
16, 10, 800, 108, 99, 10.8
16, 12, 800, 130, 119, 10.83
16, 14, 800, 151, 138, 10.79
16, 16, 800, 170, 155, 10.63
16, 18, 800, 192, 175, 10.67
16, 20, 800, 212, 193, 10.6
16, 22, 800, 236, 215, 10.73
16, 24, 800, 255, 232, 10.63
16, 26, 800, 276, 251, 10.62
16, 28, 800, 298, 271, 10.64
16, 30, 800, 318, 289, 10.6
16, 32, 800, 341, 310, 10.66
16, 34, 800, 360, 327, 10.59
16, 36, 800, 381, 346, 10.58
16, 38, 800, 402, 365, 10.58
16, 40, 800, 423, 384, 10.58
16, 42, 800, 448, 407, 10.67
16, 44, 800, 467, 424, 10.61
16, 46, 800, 488, 443, 10.61
16, 48, 800, 509, 462, 10.6
16, 50, 800, 530, 481, 10.6
16, 2, 810, 25, 24, 12.5
16, 4, 810, 46, 43, 11.5
16, 6, 810, 65, 60, 10.83
16, 8, 810, 87, 80, 10.88
16, 10, 810, 108, 99, 10.8
16, 12, 810, 130, 119, 10.83
16, 14, 810, 151, 138, 10.79
16, 16, 810, 170, 155, 10.63
16, 18, 810, 192, 175, 10.67
16, 20, 810, 213, 194, 10.65
16, 22, 810, 236, 215, 10.73
16, 24, 810, 257, 234, 10.71
16, 26, 810, 276, 251, 10.62
16, 28, 810, 298, 271, 10.64
16, 30, 810, 318, 289, 10.6
16, 32, 810, 341, 310, 10.66
16, 34, 810, 362, 329, 10.65
16, 36, 810, 381, 346, 10.58
16, 38, 810, 403, 366, 10.61
16, 40, 810, 423, 384, 10.58
16, 42, 810, 448, 407, 10.67
16, 44, 810, 469, 426, 10.66
16, 46, 810, 488, 443, 10.61
16, 48, 810, 510, 463, 10.63
16, 50, 810, 530, 481, 10.6
16, 2, 820, 25, 24, 12.5
16, 4, 820, 46, 43, 11.5
16, 6, 820, 68, 63, 11.33
16, 8, 820, 87, 80, 10.88
16, 10, 820, 108, 99, 10.8
16, 12, 820, 130, 119, 10.83
16, 14, 820, 151, 138, 10.79
16, 16, 820, 173, 158, 10.81
16, 18, 820, 192, 175, 10.67
16, 20, 820, 213, 194, 10.65
16, 22, 820, 236, 215, 10.73
16, 24, 820, 257, 234, 10.71
16, 26, 820, 279, 254, 10.73
16, 28, 820, 298, 271, 10.64
16, 30, 820, 319, 290, 10.63
16, 32, 820, 341, 310, 10.66
16, 34, 820, 362, 329, 10.65
16, 36, 820, 384, 349, 10.67
16, 38, 820, 403, 366, 10.61
16, 40, 820, 424, 385, 10.6
16, 42, 820, 448, 407, 10.67
16, 44, 820, 469, 426, 10.66
16, 46, 820, 491, 446, 10.67
16, 48, 820, 510, 463, 10.63
16, 50, 820, 531, 482, 10.62
16, 2, 830, 25, 24, 12.5
16, 4, 830, 46, 43, 11.5
16, 6, 830, 68, 63, 11.33
16, 8, 830, 87, 80, 10.88
16, 10, 830, 108, 99, 10.8
16, 12, 830, 130, 119, 10.83
16, 14, 830, 151, 138, 10.79
16, 16, 830, 173, 158, 10.81
16, 18, 830, 192, 175, 10.67
16, 20, 830, 213, 194, 10.65
16, 22, 830, 237, 216, 10.77
16, 24, 830, 257, 234, 10.71
16, 26, 830, 279, 254, 10.73
16, 28, 830, 298, 271, 10.64
16, 30, 830, 319, 290, 10.63
16, 32, 830, 342, 311, 10.69
16, 34, 830, 362, 329, 10.65
16, 36, 830, 384, 349, 10.67
16, 38, 830, 403, 366, 10.61
16, 40, 830, 424, 385, 10.6
16, 42, 830, 449, 408, 10.69
16, 44, 830, 469, 426, 10.66
16, 46, 830, 491, 446, 10.67
16, 48, 830, 512, 465, 10.67
16, 50, 830, 531, 482, 10.62
16, 2, 840, 25, 24, 12.5
16, 4, 840, 46, 43, 11.5
16, 6, 840, 68, 63, 11.33
16, 8, 840, 87, 80, 10.88
16, 10, 840, 108, 99, 10.8
16, 12, 840, 131, 120, 10.92
16, 14, 840, 151, 138, 10.79
16, 16, 840, 173, 158, 10.81
16, 18, 840, 192, 175, 10.67
16, 20, 840, 213, 194, 10.65
16, 22, 840, 237, 216, 10.77
16, 24, 840, 257, 234, 10.71
16, 26, 840, 279, 254, 10.73
16, 28, 840, 300, 273, 10.71
16, 30, 840, 319, 290, 10.63
16, 32, 840, 342, 311, 10.69
16, 34, 840, 363, 330, 10.68
16, 36, 840, 384, 349, 10.67
16, 38, 840, 405, 368, 10.66
16, 40, 840, 424, 385, 10.6
16, 42, 840, 449, 408, 10.69
16, 44, 840, 470, 427, 10.68
16, 46, 840, 491, 446, 10.67
16, 48, 840, 512, 465, 10.67
16, 50, 840, 535, 486, 10.7
16, 2, 850, 25, 24, 12.5
16, 4, 850, 46, 43, 11.5
16, 6, 850, 68, 63, 11.33
16, 8, 850, 87, 80, 10.88
16, 10, 850, 108, 99, 10.8
16, 12, 850, 131, 120, 10.92
16, 14, 850, 151, 138, 10.79
16, 16, 850, 173, 158, 10.81
16, 18, 850, 194, 177, 10.78
16, 20, 850, 213, 194, 10.65
16, 22, 850, 237, 216, 10.77
16, 24, 850, 258, 235, 10.75
16, 26, 850, 279, 254, 10.73
16, 28, 850, 300, 273, 10.71
16, 30, 850, 323, 294, 10.77
16, 32, 850, 342, 311, 10.69
16, 34, 850, 363, 330, 10.68
16, 36, 850, 385, 350, 10.69
16, 38, 850, 405, 368, 10.66
16, 40, 850, 430, 391, 10.75
16, 42, 850, 451, 410, 10.74
16, 44, 850, 470, 427, 10.68
16, 46, 850, 492, 447, 10.7
16, 48, 850, 513, 466, 10.69
16, 50, 850, 535, 486, 10.7
16, 2, 860, 25, 24, 12.5
16, 4, 860, 46, 43, 11.5
16, 6, 860, 68, 63, 11.33
16, 8, 860, 87, 80, 10.88
16, 10, 860, 108, 99, 10.8
16, 12, 860, 131, 120, 10.92
16, 14, 860, 151, 138, 10.79
16, 16, 860, 173, 158, 10.81
16, 18, 860, 194, 177, 10.78
16, 20, 860, 213, 194, 10.65
16, 22, 860, 237, 216, 10.77
16, 24, 860, 258, 235, 10.75
16, 26, 860, 279, 254, 10.73
16, 28, 860, 300, 273, 10.71
16, 30, 860, 323, 294, 10.77
16, 32, 860, 344, 313, 10.75
16, 34, 860, 363, 330, 10.68
16, 36, 860, 385, 350, 10.69
16, 38, 860, 406, 369, 10.68
16, 40, 860, 430, 391, 10.75
16, 42, 860, 451, 410, 10.74
16, 44, 860, 473, 430, 10.75
16, 46, 860, 492, 447, 10.7
16, 48, 860, 513, 466, 10.69
16, 50, 860, 536, 487, 10.72
16, 2, 870, 25, 24, 12.5
16, 4, 870, 46, 43, 11.5
16, 6, 870, 68, 63, 11.33
16, 8, 870, 87, 80, 10.88
16, 10, 870, 108, 99, 10.8
16, 12, 870, 131, 120, 10.92
16, 14, 870, 152, 139, 10.86
16, 16, 870, 173, 158, 10.81
16, 18, 870, 194, 177, 10.78
16, 20, 870, 218, 199, 10.9
16, 22, 870, 237, 216, 10.77
16, 24, 870, 258, 235, 10.75
16, 26, 870, 280, 255, 10.77
16, 28, 870, 300, 273, 10.71
16, 30, 870, 323, 294, 10.77
16, 32, 870, 344, 313, 10.75
16, 34, 870, 366, 333, 10.76
16, 36, 870, 385, 350, 10.69
16, 38, 870, 406, 369, 10.68
16, 40, 870, 431, 392, 10.78
16, 42, 870, 451, 410, 10.74
16, 44, 870, 473, 430, 10.75
16, 46, 870, 494, 449, 10.74
16, 48, 870, 513, 466, 10.69
16, 50, 870, 536, 487, 10.72
16, 2, 880, 25, 24, 12.5
16, 4, 880, 46, 43, 11.5
16, 6, 880, 68, 63, 11.33
16, 8, 880, 89, 82, 11.13
16, 10, 880, 108, 99, 10.8
16, 12, 880, 131, 120, 10.92
16, 14, 880, 152, 139, 10.86
16, 16, 880, 173, 158, 10.81
16, 18, 880, 194, 177, 10.78
16, 20, 880, 218, 199, 10.9
16, 22, 880, 239, 218, 10.86
16, 24, 880, 258, 235, 10.75
16, 26, 880, 280, 255, 10.77
16, 28, 880, 301, 274, 10.75
16, 30, 880, 323, 294, 10.77
16, 32, 880, 344, 313, 10.75
16, 34, 880, 366, 333, 10.76
16, 36, 880, 387, 352, 10.75
16, 38, 880, 406, 369, 10.68
16, 40, 880, 431, 392, 10.78
16, 42, 880, 452, 411, 10.76
16, 44, 880, 473, 430, 10.75
16, 46, 880, 494, 449, 10.74
16, 48, 880, 517, 470, 10.77
16, 50, 880, 538, 489, 10.76
16, 2, 890, 25, 24, 12.5
16, 4, 890, 46, 43, 11.5
16, 6, 890, 68, 63, 11.33
16, 8, 890, 89, 82, 11.13
16, 10, 890, 108, 99, 10.8
16, 12, 890, 131, 120, 10.92
16, 14, 890, 152, 139, 10.86
16, 16, 890, 174, 159, 10.88
16, 18, 890, 194, 177, 10.78
16, 20, 890, 218, 199, 10.9
16, 22, 890, 239, 218, 10.86
16, 24, 890, 258, 235, 10.75
16, 26, 890, 280, 255, 10.77
16, 28, 890, 301, 274, 10.75
16, 30, 890, 324, 295, 10.8
16, 32, 890, 344, 313, 10.75
16, 34, 890, 366, 333, 10.76
16, 36, 890, 387, 352, 10.75
16, 38, 890, 412, 375, 10.84
16, 40, 890, 431, 392, 10.78
16, 42, 890, 452, 411, 10.76
16, 44, 890, 474, 431, 10.77
16, 46, 890, 495, 450, 10.76
16, 48, 890, 517, 470, 10.77
16, 50, 890, 538, 489, 10.76
16, 2, 900, 25, 24, 12.5
16, 4, 900, 46, 43, 11.5
16, 6, 900, 68, 63, 11.33
16, 8, 900, 89, 82, 11.13
16, 10, 900, 108, 99, 10.8
16, 12, 900, 131, 120, 10.92
16, 14, 900, 152, 139, 10.86
16, 16, 900, 174, 159, 10.88
16, 18, 900, 194, 177, 10.78
16, 20, 900, 218, 199, 10.9
16, 22, 900, 239, 218, 10.86
16, 24, 900, 261, 238, 10.88
16, 26, 900, 280, 255, 10.77
16, 28, 900, 301, 274, 10.75
16, 30, 900, 324, 295, 10.8
16, 32, 900, 345, 314, 10.78
16, 34, 900, 367, 334, 10.79
16, 36, 900, 387, 352, 10.75
16, 38, 900, 412, 375, 10.84
16, 40, 900, 433, 394, 10.83
16, 42, 900, 455, 414, 10.83
16, 44, 900, 474, 431, 10.77
16, 46, 900, 495, 450, 10.76
16, 48, 900, 518, 471, 10.79
16, 50, 900, 539, 490, 10.78
16, 2, 910, 25, 24, 12.5
16, 4, 910, 46, 43, 11.5
16, 6, 910, 68, 63, 11.33
16, 8, 910, 89, 82, 11.13
16, 10, 910, 108, 99, 10.8
16, 12, 910, 131, 120, 10.92
16, 14, 910, 152, 139, 10.86
16, 16, 910, 174, 159, 10.88
16, 18, 910, 195, 178, 10.83
16, 20, 910, 218, 199, 10.9
16, 22, 910, 239, 218, 10.86
16, 24, 910, 261, 238, 10.88
16, 26, 910, 282, 257, 10.85
16, 28, 910, 301, 274, 10.75
16, 30, 910, 324, 295, 10.8
16, 32, 910, 345, 314, 10.78
16, 34, 910, 367, 334, 10.79
16, 36, 910, 388, 353, 10.78
16, 38, 910, 412, 375, 10.84
16, 40, 910, 433, 394, 10.83
16, 42, 910, 455, 414, 10.83
16, 44, 910, 476, 433, 10.82
16, 46, 910, 495, 450, 10.76
16, 48, 910, 518, 471, 10.79
16, 50, 910, 539, 490, 10.78
16, 2, 920, 25, 24, 12.5
16, 4, 920, 46, 43, 11.5
16, 6, 920, 68, 63, 11.33
16, 8, 920, 89, 82, 11.13
16, 10, 920, 112, 103, 11.2
16, 12, 920, 131, 120, 10.92
16, 14, 920, 152, 139, 10.86
16, 16, 920, 174, 159, 10.88
16, 18, 920, 195, 178, 10.83
16, 20, 920, 219, 200, 10.95
16, 22, 920, 239, 218, 10.86
16, 24, 920, 261, 238, 10.88
16, 26, 920, 282, 257, 10.85
16, 28, 920, 305, 278, 10.89
16, 30, 920, 326, 297, 10.87
16, 32, 920, 345, 314, 10.78
16, 34, 920, 367, 334, 10.79
16, 36, 920, 388, 353, 10.78
16, 38, 920, 413, 376, 10.87
16, 40, 920, 434, 395, 10.85
16, 42, 920, 455, 414, 10.83
16, 44, 920, 476, 433, 10.82
16, 46, 920, 499, 454, 10.85
16, 48, 920, 520, 473, 10.83
16, 50, 920, 542, 493, 10.84
16, 2, 930, 25, 24, 12.5
16, 4, 930, 46, 43, 11.5
16, 6, 930, 68, 63, 11.33
16, 8, 930, 89, 82, 11.13
16, 10, 930, 112, 103, 11.2
16, 12, 930, 131, 120, 10.92
16, 14, 930, 152, 139, 10.86
16, 16, 930, 174, 159, 10.88
16, 18, 930, 195, 178, 10.83
16, 20, 930, 219, 200, 10.95
16, 22, 930, 240, 219, 10.91
16, 24, 930, 261, 238, 10.88
16, 26, 930, 282, 257, 10.85
16, 28, 930, 305, 278, 10.89
16, 30, 930, 326, 297, 10.87
16, 32, 930, 348, 317, 10.88
16, 34, 930, 367, 334, 10.79
16, 36, 930, 388, 353, 10.78
16, 38, 930, 413, 376, 10.87
16, 40, 930, 434, 395, 10.85
16, 42, 930, 456, 415, 10.86
16, 44, 930, 477, 434, 10.84
16, 46, 930, 499, 454, 10.85
16, 48, 930, 520, 473, 10.83
16, 50, 930, 542, 493, 10.84
16, 2, 940, 25, 24, 12.5
16, 4, 940, 46, 43, 11.5
16, 6, 940, 68, 63, 11.33
16, 8, 940, 89, 82, 11.13
16, 10, 940, 112, 103, 11.2
16, 12, 940, 133, 122, 11.08
16, 14, 940, 152, 139, 10.86
16, 16, 940, 174, 159, 10.88
16, 18, 940, 195, 178, 10.83
16, 20, 940, 219, 200, 10.95
16, 22, 940, 240, 219, 10.91
16, 24, 940, 262, 239, 10.92
16, 26, 940, 282, 257, 10.85
16, 28, 940, 305, 278, 10.89
16, 30, 940, 326, 297, 10.87
16, 32, 940, 348, 317, 10.88
16, 34, 940, 369, 336, 10.85
16, 36, 940, 394, 359, 10.94
16, 38, 940, 413, 376, 10.87
16, 40, 940, 434, 395, 10.85
16, 42, 940, 456, 415, 10.86
16, 44, 940, 477, 434, 10.84
16, 46, 940, 500, 455, 10.87
16, 48, 940, 521, 474, 10.85
16, 50, 940, 542, 493, 10.84
16, 2, 950, 25, 24, 12.5
16, 4, 950, 46, 43, 11.5
16, 6, 950, 68, 63, 11.33
16, 8, 950, 89, 82, 11.13
16, 10, 950, 112, 103, 11.2
16, 12, 950, 133, 122, 11.08
16, 14, 950, 155, 142, 11.07
16, 16, 950, 174, 159, 10.88
16, 18, 950, 195, 178, 10.83
16, 20, 950, 219, 200, 10.95
16, 22, 950, 240, 219, 10.91
16, 24, 950, 262, 239, 10.92
16, 26, 950, 283, 258, 10.88
16, 28, 950, 306, 279, 10.93
16, 30, 950, 326, 297, 10.87
16, 32, 950, 348, 317, 10.88
16, 34, 950, 369, 336, 10.85
16, 36, 950, 394, 359, 10.94
16, 38, 950, 415, 378, 10.92
16, 40, 950, 437, 398, 10.93
16, 42, 950, 458, 417, 10.9
16, 44, 950, 477, 434, 10.84
16, 46, 950, 500, 455, 10.87
16, 48, 950, 521, 474, 10.85
16, 50, 950, 543, 494, 10.86
16, 2, 960, 25, 24, 12.5
16, 4, 960, 46, 43, 11.5
16, 6, 960, 68, 63, 11.33
16, 8, 960, 89, 82, 11.13
16, 10, 960, 112, 103, 11.2
16, 12, 960, 133, 122, 11.08
16, 14, 960, 155, 142, 11.07
16, 16, 960, 176, 161, 11
16, 18, 960, 195, 178, 10.83
16, 20, 960, 219, 200, 10.95
16, 22, 960, 240, 219, 10.91
16, 24, 960, 262, 239, 10.92
16, 26, 960, 283, 258, 10.88
16, 28, 960, 306, 279, 10.93
16, 30, 960, 327, 298, 10.9
16, 32, 960, 349, 318, 10.91
16, 34, 960, 369, 336, 10.85
16, 36, 960, 394, 359, 10.94
16, 38, 960, 415, 378, 10.92
16, 40, 960, 437, 398, 10.93
16, 42, 960, 458, 417, 10.9
16, 44, 960, 481, 438, 10.93
16, 46, 960, 502, 457, 10.91
16, 48, 960, 524, 477, 10.92
16, 50, 960, 543, 494, 10.86
16, 2, 970, 25, 24, 12.5
16, 4, 970, 46, 43, 11.5
16, 6, 970, 68, 63, 11.33
16, 8, 970, 89, 82, 11.13
16, 10, 970, 112, 103, 11.2
16, 12, 970, 133, 122, 11.08
16, 14, 970, 155, 142, 11.07
16, 16, 970, 176, 161, 11
16, 18, 970, 200, 183, 11.11
16, 20, 970, 219, 200, 10.95
16, 22, 970, 240, 219, 10.91
16, 24, 970, 262, 239, 10.92
16, 26, 970, 283, 258, 10.88
16, 28, 970, 306, 279, 10.93
16, 30, 970, 327, 298, 10.9
16, 32, 970, 349, 318, 10.91
16, 34, 970, 370, 337, 10.88
16, 36, 970, 395, 360, 10.97
16, 38, 970, 416, 379, 10.95
16, 40, 970, 437, 398, 10.93
16, 42, 970, 458, 417, 10.9
16, 44, 970, 481, 438, 10.93
16, 46, 970, 502, 457, 10.91
16, 48, 970, 524, 477, 10.92
16, 50, 970, 545, 496, 10.9
16, 2, 980, 25, 24, 12.5
16, 4, 980, 46, 43, 11.5
16, 6, 980, 68, 63, 11.33
16, 8, 980, 89, 82, 11.13
16, 10, 980, 112, 103, 11.2
16, 12, 980, 133, 122, 11.08
16, 14, 980, 155, 142, 11.07
16, 16, 980, 176, 161, 11
16, 18, 980, 200, 183, 11.11
16, 20, 980, 221, 202, 11.05
16, 22, 980, 243, 222, 11.05
16, 24, 980, 264, 241, 11
16, 26, 980, 283, 258, 10.88
16, 28, 980, 306, 279, 10.93
16, 30, 980, 327, 298, 10.9
16, 32, 980, 349, 318, 10.91
16, 34, 980, 370, 337, 10.88
16, 36, 980, 395, 360, 10.97
16, 38, 980, 416, 379, 10.95
16, 40, 980, 438, 399, 10.95
16, 42, 980, 459, 418, 10.93
16, 44, 980, 482, 439, 10.95
16, 46, 980, 503, 458, 10.93
16, 48, 980, 524, 477, 10.92
16, 50, 980, 545, 496, 10.9
16, 2, 990, 25, 24, 12.5
16, 4, 990, 46, 43, 11.5
16, 6, 990, 68, 63, 11.33
16, 8, 990, 89, 82, 11.13
16, 10, 990, 112, 103, 11.2
16, 12, 990, 133, 122, 11.08
16, 14, 990, 155, 142, 11.07
16, 16, 990, 176, 161, 11
16, 18, 990, 200, 183, 11.11
16, 20, 990, 221, 202, 11.05
16, 22, 990, 243, 222, 11.05
16, 24, 990, 264, 241, 11
16, 26, 990, 287, 262, 11.04
16, 28, 990, 308, 281, 11
16, 30, 990, 330, 301, 11
16, 32, 990, 349, 318, 10.91
16, 34, 990, 370, 337, 10.88
16, 36, 990, 395, 360, 10.97
16, 38, 990, 416, 379, 10.95
16, 40, 990, 438, 399, 10.95
16, 42, 990, 459, 418, 10.93
16, 44, 990, 482, 439, 10.95
16, 46, 990, 503, 458, 10.93
16, 48, 990, 525, 478, 10.94
16, 50, 990, 546, 497, 10.92
16, 2, 1000, 25, 24, 12.5
16, 4, 1000, 46, 43, 11.5
16, 6, 1000, 68, 63, 11.33
16, 8, 1000, 89, 82, 11.13
16, 10, 1000, 112, 103, 11.2
16, 12, 1000, 133, 122, 11.08
16, 14, 1000, 155, 142, 11.07
16, 16, 1000, 176, 161, 11
16, 18, 1000, 200, 183, 11.11
16, 20, 1000, 221, 202, 11.05
16, 22, 1000, 243, 222, 11.05
16, 24, 1000, 264, 241, 11
16, 26, 1000, 287, 262, 11.04
16, 28, 1000, 308, 281, 11
16, 30, 1000, 330, 301, 11
16, 32, 1000, 351, 320, 10.97
16, 34, 1000, 376, 343, 11.06
16, 36, 1000, 397, 362, 11.03
16, 38, 1000, 419, 382, 11.03
16, 40, 1000, 440, 401, 11
16, 42, 1000, 463, 422, 11.02
16, 44, 1000, 482, 439, 10.95
16, 46, 1000, 503, 458, 10.93
16, 48, 1000, 525, 478, 10.94
16, 50, 1000, 546, 497, 10.92
